Thoi_gian_rBS_nhan_UTC,Thiet_bi,So_thu_tu_bao_cao,GPS_hop_le,GPS_tin_cay_2D,Vi_do_tho,Kinh_do_tho,Do_cao_tho_m,Toc_do_m_s,So_ve_tinh,HDOP,Tuoi_fix_ms,Cong_suat_phat_dBm,SF,RSSI_dBm,SNR_dB,He_so_kenh_dB,Suy_hao_kenh_dB,PDR_beacon_phan_tram,So_goi_mat_uoc_tinh,Vi_do_rBS,Kinh_do_rBS,Khoang_cach_rBS_node_m
2026-09-10T08:13:12.591442+00:00,DU,61,1,0,20.981235,105.7978967,20.8,0.98,3,3.7,90,20.0,7,-39.0,8.8,-59.0,59.0,100.0,0,20.9807467,105.796265,
2026-09-10T08:13:12.628377+00:00,SU,164,1,1,20.98078,105.79618,-19.2,0.04,6,1.1,360,20.0,7,-23.0,9.3,-43.0,43.0,100.0,0,20.9807467,105.796265,
2026-09-10T08:13:22.628174+00:00,SU,166,1,1,20.9808033,105.7962233,-21.0,0.32,6,1.1,360,20.0,7,-23.0,9.0,-43.0,43.0,66.667,1,20.9807467,105.796265,
2026-09-10T08:13:27.629332+00:00,SU,167,1,1,20.98083,105.796275,-21.8,0.15,6,1.1,360,20.0,7,-23.0,9.8,-43.0,43.0,75.0,1,20.9807467,105.796265,7.64
2026-09-10T08:13:27.668112+00:00,DU,64,1,0,20.9811467,105.797425,20.8,1.03,3,3.7,170,20.0,7,-40.0,9.5,-60.0,60.0,50.0,2,20.9807467,105.796265,
2026-09-10T08:13:32.628107+00:00,SU,168,1,1,20.9808517,105.7963217,-21.9,0.15,6,1.1,360,20.0,7,-22.0,9.5,-42.0,42.0,80.0,1,20.9807467,105.796265,9.32
2026-09-10T08:13:32.694033+00:00,DU,65,1,0,20.981185,105.7974183,20.8,0.42,3,3.8,190,20.0,7,-40.0,9.3,-60.0,60.0,60.0,2,20.9807467,105.796265,
2026-09-10T08:13:37.628359+00:00,SU,169,1,1,20.9808717,105.796365,-21.9,0.2,5,1.4,360,20.0,7,-23.0,9.5,-43.0,43.0,83.333,1,20.9807467,105.796265,13.08
2026-09-10T08:13:37.719538+00:00,DU,66,1,0,20.9811917,105.7974417,20.8,3.18,3,3.8,220,20.0,7,-39.0,9.3,-59.0,59.0,66.667,2,20.9807467,105.796265,
2026-09-10T08:13:42.628006+00:00,SU,170,1,1,20.9808783,105.7963817,-22.5,0.02,6,1.1,360,20.0,7,-23.0,10.0,-43.0,43.0,85.714,1,20.9807467,105.796265,17.35
2026-09-10T08:13:42.744468+00:00,DU,67,1,0,20.9811467,105.797155,20.8,1.5,3,3.8,240,20.0,7,-39.0,9.0,-59.0,59.0,71.429,2,20.9807467,105.796265,
2026-09-10T08:13:47.628104+00:00,SU,171,1,1,20.980875,105.7963783,-23.2,0.08,6,1.1,360,20.0,7,-23.0,10.0,-43.0,43.0,87.5,1,20.9807467,105.796265,18.49
2026-09-10T08:13:47.770093+00:00,DU,68,1,0,20.981225,105.79749,20.8,0.12,3,3.8,270,20.0,7,-39.0,9.5,-59.0,59.0,75.0,2,20.9807467,105.796265,
2026-09-10T08:13:52.627644+00:00,SU,172,1,1,20.9808833,105.7963967,-23.5,0.03,5,1.4,360,20.0,7,-22.0,9.8,-42.0,42.0,88.889,1,20.9807467,105.796265,19.0
2026-09-10T08:13:52.795229+00:00,DU,69,1,0,20.9811783,105.7972683,20.8,0.2,3,3.8,290,20.0,7,-39.0,10.3,-59.0,59.0,77.778,2,20.9807467,105.796265,
2026-09-10T08:13:57.628238+00:00,SU,173,1,1,20.9808933,105.7964183,-23.5,0.02,5,1.4,360,20.0,7,-23.0,10.3,-43.0,43.0,90.0,1,20.9807467,105.796265,20.44
2026-09-10T08:13:57.821640+00:00,DU,70,1,0,20.9811633,105.79721,20.8,0.13,3,3.8,320,20.0,7,-39.0,9.0,-59.0,59.0,80.0,2,20.9807467,105.796265,
2026-09-10T08:14:02.628219+00:00,SU,174,1,1,20.9809033,105.7964433,-23.5,0.06,5,1.4,360,20.0,7,-22.0,10.0,-42.0,42.0,90.909,1,20.9807467,105.796265,22.78
2026-09-10T08:14:02.845008+00:00,DU,71,1,0,20.9811667,105.79723,20.8,0.62,3,3.8,340,20.0,7,-39.0,9.8,-59.0,59.0,81.818,2,20.9807467,105.796265,
2026-09-10T08:14:07.627637+00:00,SU,175,1,1,20.9809083,105.7964583,-23.8,0.05,6,1.1,360,20.0,7,-23.0,9.3,-43.0,43.0,91.667,1,20.9807467,105.796265,25.41
2026-09-10T08:14:07.871508+00:00,DU,72,1,0,20.9812133,105.7974467,20.8,1.53,3,3.8,20,20.0,7,-39.0,9.3,-59.0,59.0,83.333,2,20.9807467,105.796265,
2026-09-10T08:14:12.627593+00:00,SU,176,1,1,20.9809067,105.796455,-23.8,0.0,6,1.1,360,20.0,7,-23.0,9.8,-43.0,43.0,92.308,1,20.9807467,105.796265,26.56
2026-09-10T08:14:12.895573+00:00,DU,73,1,0,20.9811567,105.7971867,20.8,0.36,3,3.8,40,20.0,7,-39.0,9.0,-59.0,59.0,84.615,2,20.9807467,105.796265,
2026-09-10T08:14:17.628638+00:00,SU,177,1,1,20.9809083,105.7964567,-24.6,0.11,5,1.4,360,20.0,7,-23.0,9.8,-43.0,43.0,92.857,1,20.9807467,105.796265,26.81
2026-09-10T08:14:17.920132+00:00,DU,74,1,0,20.9811,105.7969083,20.8,0.28,3,3.8,70,20.0,7,-40.0,9.8,-60.0,60.0,85.714,2,20.9807467,105.796265,
2026-09-10T08:14:22.627988+00:00,SU,178,1,1,20.9809117,105.7964583,-26.0,0.06,5,1.4,360,20.0,7,-22.0,9.8,-42.0,42.0,93.333,1,20.9807467,105.796265,26.81
2026-09-10T08:14:22.944899+00:00,DU,75,1,0,20.9811083,105.796925,20.8,2.25,3,3.8,90,20.0,7,-39.0,9.8,-59.0,59.0,86.667,2,20.9807467,105.796265,
2026-09-10T08:14:27.627569+00:00,SU,179,1,1,20.9809117,105.796455,-27.0,0.0,6,1.1,360,20.0,7,-22.0,10.0,-42.0,42.0,93.75,1,20.9807467,105.796265,27.07
2026-09-10T08:14:27.971152+00:00,DU,76,1,0,20.9810867,105.7968067,20.8,2.21,3,3.8,120,20.0,7,-39.0,9.8,-59.0,59.0,87.5,2,20.9807467,105.796265,
2026-09-10T08:14:32.627372+00:00,SU,180,1,1,20.9809117,105.7964533,-27.3,0.0,6,1.1,360,20.0,7,-22.0,10.0,-42.0,42.0,94.118,1,20.9807467,105.796265,26.94
2026-09-10T08:14:32.995602+00:00,DU,77,1,0,20.981115,105.7969267,20.8,1.81,0,3.8,2360,20.0,7,-40.0,9.0,-60.0,60.0,88.235,2,20.9807467,105.796265,
2026-09-10T08:14:37.627579+00:00,SU,181,1,1,20.9809117,105.796455,-27.9,0.05,6,1.1,360,20.0,7,-22.0,9.5,-42.0,42.0,94.444,1,20.9807467,105.796265,26.94
2026-09-10T08:14:38.020154+00:00,DU,78,0,0,0.0,0.0,20.8,1.81,0,3.8,7391,20.0,7,-39.0,9.8,-59.0,59.0,88.889,2,20.9807467,105.796265,
2026-09-10T08:14:42.628303+00:00,SU,182,1,1,20.980915,105.7964633,-29.8,0.19,6,1.1,360,20.0,7,-23.0,10.3,-43.0,43.0,94.737,1,20.9807467,105.796265,26.94
2026-09-10T08:14:43.044791+00:00,DU,79,0,0,0.0,0.0,20.8,1.81,0,3.8,12410,20.0,7,-39.0,9.3,-59.0,59.0,89.474,2,20.9807467,105.796265,
2026-09-10T08:14:47.627671+00:00,SU,183,1,1,20.9809083,105.7964533,-33.1,0.04,6,1.1,360,20.0,7,-23.0,9.8,-43.0,43.0,95.0,1,20.9807467,105.796265,26.94
2026-09-10T08:14:48.070025+00:00,DU,80,1,0,20.98103,105.7971183,20.8,0.58,3,3.8,220,20.0,7,-38.0,9.8,-58.0,58.0,90.0,2,20.9807467,105.796265,
2026-09-10T08:14:52.627381+00:00,SU,184,1,1,20.9809083,105.79646,-36.0,0.04,5,1.4,360,20.0,7,-23.0,9.3,-43.0,43.0,95.238,1,20.9807467,105.796265,27.07
2026-09-10T08:14:53.095466+00:00,DU,81,1,0,20.9812217,105.7979383,20.8,0.64,3,3.8,240,20.0,7,-38.0,9.3,-58.0,58.0,90.476,2,20.9807467,105.796265,
2026-09-10T08:14:57.626961+00:00,SU,185,1,1,20.9809,105.79645,-38.5,0.05,6,1.1,360,20.0,7,-23.0,9.5,-43.0,43.0,95.455,1,20.9807467,105.796265,26.55
2026-09-10T08:14:58.120257+00:00,DU,82,1,0,20.981165,105.797655,20.8,1.01,3,3.8,270,20.0,7,-40.0,9.5,-60.0,60.0,90.909,2,20.9807467,105.796265,
2026-09-10T08:15:02.627288+00:00,SU,186,1,1,20.9809,105.7964583,-39.7,0.06,5,1.4,360,20.0,7,-23.0,9.8,-43.0,43.0,95.652,1,20.9807467,105.796265,26.33
2026-09-10T08:15:03.144949+00:00,DU,83,1,0,20.981245,105.7971317,20.8,1.02,3,3.8,290,20.0,7,-39.0,9.8,-59.0,59.0,91.304,2,20.9807467,105.796265,
2026-09-10T08:15:07.627570+00:00,SU,187,1,1,20.980905,105.796475,-40.0,0.04,5,1.4,360,20.0,7,-23.0,9.3,-43.0,43.0,95.833,1,20.9807467,105.796265,26.33
2026-09-10T08:15:08.169421+00:00,DU,84,1,0,20.9813667,105.79721,20.8,0.55,3,3.8,320,20.0,7,-39.0,10.0,-59.0,59.0,91.667,2,20.9807467,105.796265,
2026-09-10T08:15:12.627224+00:00,SU,188,1,1,20.9808983,105.7964683,-41.9,0.06,5,1.4,360,20.0,7,-23.0,9.5,-43.0,43.0,96.0,1,20.9807467,105.796265,27.13
2026-09-10T08:15:13.194571+00:00,DU,85,1,0,20.9812483,105.7972817,20.8,0.41,3,3.8,340,20.0,7,-40.0,9.8,-60.0,60.0,92.0,2,20.9807467,105.796265,
2026-09-10T08:15:17.627233+00:00,SU,189,1,1,20.980895,105.796465,-44.0,0.02,5,1.4,360,20.0,7,-23.0,9.5,-43.0,43.0,96.154,1,20.9807467,105.796265,27.01
2026-09-10T08:15:18.219995+00:00,DU,86,1,0,20.9812517,105.7972967,20.8,0.35,3,3.8,370,20.0,7,-39.0,9.5,-59.0,59.0,92.308,2,20.9807467,105.796265,
2026-09-10T08:15:22.627220+00:00,SU,190,1,1,20.9808967,105.796475,-44.7,0.09,5,1.4,360,20.0,7,-23.0,9.3,-43.0,43.0,96.296,1,20.9807467,105.796265,26.9
2026-09-10T08:15:23.244931+00:00,DU,87,1,0,20.9812217,105.7972817,20.8,1.07,3,3.8,390,20.0,7,-38.0,9.8,-58.0,58.0,92.593,2,20.9807467,105.796265,
2026-09-10T08:15:27.627859+00:00,SU,191,1,1,20.980895,105.7964767,-45.8,0.1,5,1.4,360,20.0,7,-23.0,9.5,-43.0,43.0,96.429,1,20.9807467,105.796265,27.34
2026-09-10T08:15:28.269562+00:00,DU,88,1,0,20.9811667,105.7969967,84.3,0.47,4,2.5,420,20.0,7,-39.0,9.5,-59.0,59.0,92.857,2,20.9807467,105.796265,
2026-09-10T08:15:32.628772+00:00,SU,192,1,1,20.9808967,105.7964817,-46.4,0.0,5,1.4,360,20.0,7,-23.0,9.0,-43.0,43.0,96.552,1,20.9807467,105.796265,27.59
2026-09-10T08:15:33.294473+00:00,DU,89,1,0,20.9811533,105.7969,94.5,0.19,4,2.5,450,20.0,7,-39.0,10.0,-59.0,59.0,93.103,2,20.9807467,105.796265,
2026-09-10T08:15:37.627945+00:00,SU,193,1,1,20.980905,105.7965,-49.7,0.21,5,1.4,360,20.0,7,-23.0,9.8,-43.0,43.0,96.667,1,20.9807467,105.796265,28.01
2026-09-10T08:15:38.320126+00:00,DU,90,1,0,20.9811233,105.7968967,97.1,0.12,4,2.5,480,20.0,7,-40.0,9.3,-60.0,60.0,93.333,2,20.9807467,105.796265,
2026-09-10T08:15:42.626890+00:00,SU,194,1,1,20.9809083,105.7965133,-52.8,0.05,5,1.4,360,20.0,7,-23.0,9.5,-43.0,43.0,96.774,1,20.9807467,105.796265,30.09
2026-09-10T08:15:43.344554+00:00,DU,91,1,0,20.98111,105.7968433,101.2,0.33,4,2.5,500,20.0,7,-39.0,9.8,-59.0,59.0,93.548,2,20.9807467,105.796265,
2026-09-10T08:15:47.626602+00:00,SU,195,1,1,20.9808983,105.7965033,-56.2,0.1,5,1.1,360,20.0,7,-23.0,9.5,-43.0,43.0,96.875,1,20.9807467,105.796265,30.36
2026-09-10T08:15:48.369319+00:00,DU,92,1,0,20.9811167,105.7968367,99.7,0.37,4,2.5,520,20.0,7,-39.0,9.8,-59.0,59.0,93.75,2,20.9807467,105.796265,
2026-09-10T08:15:52.627552+00:00,SU,196,1,1,20.9809067,105.7965233,-56.8,0.02,5,1.4,360,20.0,7,-23.0,9.5,-43.0,43.0,96.97,1,20.9807467,105.796265,31.32
2026-09-10T08:15:53.395411+00:00,DU,93,1,0,20.9811317,105.79686,98.2,0.22,4,2.5,550,20.0,7,-39.0,9.8,-59.0,59.0,93.939,2,20.9807467,105.796265,
2026-09-10T08:15:57.626887+00:00,SU,197,1,1,20.980925,105.79655,-56.8,0.11,5,1.4,360,20.0,7,-23.0,9.5,-43.0,43.0,97.059,1,20.9807467,105.796265,32.18
2026-09-10T08:15:58.420893+00:00,DU,94,1,0,20.9811367,105.796855,97.9,0.08,4,2.5,570,20.0,7,-39.0,9.8,-59.0,59.0,94.118,2,20.9807467,105.796265,
2026-09-10T08:16:02.626564+00:00,SU,198,1,1,20.9809267,105.796545,-59.0,0.09,6,1.1,360,20.0,7,-23.0,9.8,-43.0,43.0,97.143,1,20.9807467,105.796265,35.19
2026-09-10T08:16:03.446854+00:00,DU,95,1,0,20.9811267,105.796835,100.2,0.23,4,2.5,600,20.0,7,-39.0,10.0,-59.0,59.0,94.286,2,20.9807467,105.796265,
2026-09-10T08:16:07.626680+00:00,SU,199,1,1,20.98092,105.7965217,-62.6,0.08,6,1.1,360,20.0,7,-23.0,9.3,-43.0,43.0,97.222,1,20.9807467,105.796265,35.19
2026-09-10T08:16:08.471321+00:00,DU,96,1,0,20.9811317,105.7968317,100.3,0.22,4,2.5,620,20.0,7,-39.0,9.5,-59.0,59.0,94.444,2,20.9807467,105.796265,
2026-09-10T08:16:12.627456+00:00,SU,200,1,1,20.980915,105.7965133,-63.8,0.13,6,1.1,360,20.0,7,-23.0,9.5,-43.0,43.0,97.297,1,20.9807467,105.796265,32.89
2026-09-10T08:16:13.497411+00:00,DU,97,1,0,20.9811633,105.7968217,96.3,0.32,4,2.5,20,20.0,7,-40.0,9.3,-60.0,60.0,94.595,2,20.9807467,105.796265,
2026-09-10T08:16:17.627176+00:00,SU,201,1,1,20.980905,105.7965,-65.7,0.11,6,1.1,360,20.0,7,-23.0,9.3,-43.0,43.0,97.368,1,20.9807467,105.796265,31.86
2026-09-10T08:16:18.521688+00:00,DU,98,1,0,20.9811833,105.796815,91.3,0.34,4,2.5,30,20.0,7,-39.0,10.3,-59.0,59.0,94.737,2,20.9807467,105.796265,
2026-09-10T08:16:22.626539+00:00,SU,202,1,1,20.9809,105.7964933,-66.0,0.0,6,1.1,360,20.0,7,-23.0,9.5,-43.0,43.0,97.436,1,20.9807467,105.796265,30.09
2026-09-10T08:16:23.547523+00:00,DU,99,1,0,20.9812017,105.7968367,83.1,0.34,4,2.5,60,20.0,7,-39.0,9.8,-59.0,59.0,94.872,2,20.9807467,105.796265,
2026-09-10T08:16:27.626212+00:00,SU,203,1,1,20.9808983,105.7964967,-65.7,0.11,5,1.4,360,20.0,7,-23.0,9.8,-43.0,43.0,97.5,1,20.9807467,105.796265,29.48
2026-09-10T08:16:28.573184+00:00,DU,100,1,0,20.9812233,105.7968683,76.1,0.05,4,2.5,80,20.0,7,-39.0,10.3,-59.0,59.0,95.0,2,20.9807467,105.796265,
2026-09-10T08:16:32.626373+00:00,SU,204,1,1,20.9808983,105.796505,-64.4,0.06,6,1.1,360,20.0,7,-23.0,9.5,-43.0,43.0,97.561,1,20.9807467,105.796265,29.37
2026-09-10T08:16:33.599333+00:00,DU,101,1,0,20.9812317,105.796955,64.2,0.34,4,2.5,120,20.0,7,-39.0,9.8,-59.0,59.0,95.122,2,20.9807467,105.796265,
2026-09-10T08:16:37.626652+00:00,SU,205,1,1,20.9808967,105.7965067,-63.9,0.0,6,1.1,360,20.0,7,-23.0,9.8,-43.0,43.0,97.619,1,20.9807467,105.796265,30.08
2026-09-10T08:16:38.624089+00:00,DU,102,1,0,20.9812267,105.797,56.8,0.12,4,2.5,0,20.0,7,-40.0,9.8,-60.0,60.0,95.238,2,20.9807467,105.796265,
2026-09-10T08:16:42.626689+00:00,SU,206,1,1,20.9808967,105.7965033,-64.0,0.0,6,1.1,360,20.0,7,-23.0,9.3,-43.0,43.0,97.674,1,20.9807467,105.796265,29.98
2026-09-10T08:16:43.648376+00:00,DU,103,1,0,20.9812017,105.796995,53.8,0.1,4,2.6,30,20.0,7,-39.0,9.5,-59.0,59.0,95.349,2,20.9807467,105.796265,
2026-09-10T08:16:47.626592+00:00,SU,207,1,1,20.980895,105.7965,-64.1,0.0,6,1.1,360,20.0,7,-23.0,9.5,-43.0,43.0,97.727,1,20.9807467,105.796265,29.84
2026-09-10T08:16:48.674647+00:00,DU,104,1,0,20.9811933,105.7969617,53.2,0.52,4,2.6,50,20.0,7,-40.0,9.8,-60.0,60.0,95.455,2,20.9807467,105.796265,
2026-09-10T08:16:52.625849+00:00,SU,208,1,1,20.9808933,105.7964983,-64.2,0.0,6,1.1,360,20.0,7,-23.0,10.0,-43.0,43.0,97.778,1,20.9807467,105.796265,29.45
2026-09-10T08:16:53.699342+00:00,DU,105,1,0,20.9811733,105.7969417,53.6,0.73,4,2.6,80,20.0,7,-39.0,10.0,-59.0,59.0,95.556,2,20.9807467,105.796265,
2026-09-10T08:16:57.626796+00:00,SU,209,1,1,20.9808933,105.7964967,-64.2,0.0,6,1.1,360,20.0,7,-23.0,9.0,-43.0,43.0,97.826,1,20.9807467,105.796265,29.2
2026-09-10T08:16:58.724397+00:00,DU,106,1,0,20.98117,105.7969167,53.5,0.48,4,2.6,100,20.0,7,-39.0,10.0,-59.0,59.0,95.652,2,20.9807467,105.796265,
2026-09-10T08:17:02.626450+00:00,SU,210,1,1,20.9808933,105.7964967,-64.2,0.0,6,1.1,360,20.0,7,-23.0,9.0,-43.0,43.0,97.872,1,20.9807467,105.796265,29.06
2026-09-10T08:17:03.749737+00:00,DU,107,1,0,20.981175,105.7968967,53.9,0.42,4,2.6,130,20.0,7,-40.0,9.8,-60.0,60.0,95.745,2,20.9807467,105.796265,
2026-09-10T08:17:07.626288+00:00,SU,211,1,1,20.9808883,105.796495,-61.3,0.04,6,1.1,360,20.0,7,-23.0,10.0,-43.0,43.0,97.917,1,20.9807467,105.796265,29.06
2026-09-10T08:17:08.773400+00:00,DU,108,1,0,20.98116,105.7968467,54.5,1.1,4,2.6,150,20.0,7,-39.0,10.0,-59.0,59.0,95.833,2,20.9807467,105.796265,
2026-09-10T08:17:12.625813+00:00,SU,212,1,1,20.980885,105.7964967,-57.9,0.02,6,1.1,360,20.0,7,-23.0,9.8,-43.0,43.0,97.959,1,20.9807467,105.796265,28.75
2026-09-10T08:17:13.799205+00:00,DU,109,1,0,20.981135,105.79678,55.0,1.49,4,2.6,180,20.0,7,-39.0,10.0,-59.0,59.0,95.918,2,20.9807467,105.796265,
2026-09-10T08:17:17.625926+00:00,SU,213,1,1,20.9808833,105.7964967,-54.8,0.03,6,1.1,360,20.0,7,-23.0,9.0,-43.0,43.0,98.0,1,20.9807467,105.796265,28.55
2026-09-10T08:17:18.824019+00:00,DU,110,1,0,20.981125,105.79676,55.8,0.85,4,2.6,200,20.0,7,-40.0,9.8,-60.0,60.0,96.0,2,20.9807467,105.796265,
2026-09-10T08:17:22.626592+00:00,SU,214,1,1,20.9808833,105.7965017,-51.8,0.04,6,1.1,360,20.0,7,-23.0,9.8,-43.0,43.0,98.039,1,20.9807467,105.796265,28.45
2026-09-10T08:17:23.848512+00:00,DU,111,1,0,20.981125,105.7967683,56.2,0.22,4,2.6,230,20.0,7,-39.0,9.8,-59.0,59.0,96.078,2,20.9807467,105.796265,
2026-09-10T08:17:27.626381+00:00,SU,215,1,1,20.98089,105.7965167,-49.3,0.11,6,1.1,360,20.0,7,-23.0,9.3,-43.0,43.0,98.077,1,20.9807467,105.796265,28.89
2026-09-10T08:17:28.873217+00:00,DU,112,1,0,20.9811183,105.7967533,56.4,0.2,4,2.6,250,20.0,7,-41.0,9.3,-61.0,61.0,96.154,2,20.9807467,105.796265,
2026-09-10T08:17:32.625780+00:00,SU,216,1,1,20.98089,105.796515,-47.7,0.04,6,1.1,360,20.0,7,-23.0,9.5,-43.0,43.0,98.113,1,20.9807467,105.796265,30.46
2026-09-10T08:17:33.897659+00:00,DU,113,1,0,20.9811117,105.7967467,56.4,0.26,4,2.6,280,20.0,7,-39.0,9.5,-59.0,59.0,96.226,2,20.9807467,105.796265,
2026-09-10T08:17:37.625986+00:00,SU,217,1,1,20.9808867,105.79651,-46.2,0.07,6,1.1,360,20.0,7,-23.0,9.3,-43.0,43.0,98.148,1,20.9807467,105.796265,30.46
2026-09-10T08:17:38.923389+00:00,DU,114,1,0,20.981105,105.7967367,56.3,0.48,4,2.6,300,20.0,7,-39.0,9.0,-59.0,59.0,96.296,2,20.9807467,105.796265,
2026-09-10T08:17:42.626415+00:00,SU,218,1,1,20.9808867,105.79651,-44.7,0.08,5,1.4,360,20.0,7,-23.0,9.3,-43.0,43.0,98.182,1,20.9807467,105.796265,29.82
2026-09-10T08:17:43.948646+00:00,DU,115,1,0,20.9810983,105.7967217,55.9,0.43,4,2.6,330,20.0,7,-40.0,9.8,-60.0,60.0,96.364,2,20.9807467,105.796265,
2026-09-10T08:17:47.626039+00:00,SU,219,1,1,20.9808917,105.79652,-42.9,0.02,6,1.1,360,20.0,7,-23.0,9.3,-43.0,43.0,98.214,1,20.9807467,105.796265,29.82
2026-09-10T08:17:48.973464+00:00,DU,116,1,0,20.98111,105.7967533,56.1,0.28,4,2.6,350,20.0,7,-39.0,10.3,-59.0,59.0,96.429,2,20.9807467,105.796265,
2026-09-10T08:17:52.626013+00:00,SU,220,1,1,20.9808967,105.7965317,-41.2,0.11,5,1.4,360,20.0,7,-23.0,9.5,-43.0,43.0,98.246,1,20.9807467,105.796265,31.0
2026-09-10T08:17:53.998028+00:00,DU,117,1,0,20.98111,105.7967333,57.0,0.42,4,2.6,380,20.0,7,-39.0,9.8,-59.0,59.0,96.491,2,20.9807467,105.796265,
2026-09-10T08:17:57.625464+00:00,SU,221,1,1,20.980895,105.79653,-40.2,0.1,5,1.4,360,20.0,7,-23.0,9.3,-43.0,43.0,98.276,1,20.9807467,105.796265,32.08
2026-09-10T08:17:59.023731+00:00,DU,118,1,0,20.981115,105.7967267,58.2,0.03,4,2.6,400,20.0,7,-39.0,9.5,-59.0,59.0,96.552,2,20.9807467,105.796265,
2026-09-10T08:18:02.625150+00:00,SU,222,1,1,20.9809,105.7965383,-38.9,0.14,5,1.4,360,20.0,7,-23.0,9.3,-43.0,43.0,98.305,1,20.9807467,105.796265,32.33
2026-09-10T08:18:04.048068+00:00,DU,119,1,0,20.98113,105.7967383,59.5,0.34,4,2.6,430,20.0,7,-39.0,9.3,-59.0,59.0,96.61,2,20.9807467,105.796265,
2026-09-10T08:18:07.626195+00:00,SU,223,1,1,20.980905,105.7965517,-37.4,0.02,5,1.4,360,20.0,7,-24.0,10.0,-44.0,44.0,98.333,1,20.9807467,105.796265,33.1
2026-09-10T08:18:09.074467+00:00,DU,120,1,0,20.9811433,105.796725,59.7,0.47,3,20.2,450,20.0,7,-41.0,9.5,-61.0,61.0,96.667,2,20.9807467,105.796265,
2026-09-10T08:18:12.625877+00:00,SU,224,1,1,20.980905,105.796555,-36.0,0.09,6,1.1,360,20.0,7,-24.0,9.8,-44.0,44.0,98.361,1,20.9807467,105.796265,34.58
2026-09-10T08:18:14.097697+00:00,DU,121,1,0,20.981165,105.7967617,59.7,0.26,4,2.6,480,20.0,7,-40.0,9.3,-60.0,60.0,96.721,2,20.9807467,105.796265,
2026-09-10T08:18:17.625781+00:00,SU,225,1,1,20.9808983,105.79654,-35.1,0.04,6,1.1,340,20.0,7,-24.0,9.5,-44.0,44.0,98.387,1,20.9807467,105.796265,34.58
2026-09-10T08:18:19.122626+00:00,DU,122,1,0,20.98119,105.7968133,60.0,0.15,4,2.6,500,20.0,7,-40.0,9.5,-60.0,60.0,96.774,2,20.9807467,105.796265,
2026-09-10T08:18:22.625096+00:00,SU,226,1,1,20.9808967,105.7965367,-35.0,0.0,6,1.1,360,20.0,7,-24.0,9.8,-44.0,44.0,98.413,1,20.9807467,105.796265,33.16
2026-09-10T08:18:24.148012+00:00,DU,123,1,0,20.9811883,105.7968567,60.4,0.35,4,2.6,530,20.0,7,-41.0,9.0,-61.0,61.0,96.825,2,20.9807467,105.796265,
2026-09-10T08:18:27.624942+00:00,SU,227,1,1,20.9808967,105.7965367,-35.0,0.0,6,1.1,360,20.0,7,-24.0,9.5,-44.0,44.0,98.438,1,20.9807467,105.796265,32.77
2026-09-10T08:18:29.173747+00:00,DU,124,1,0,20.9811717,105.7969017,59.3,0.31,4,2.6,550,20.0,7,-40.0,9.3,-60.0,60.0,96.875,2,20.9807467,105.796265,
2026-09-10T08:18:32.626927+00:00,SU,228,1,1,20.9809,105.7965433,-34.2,0.09,6,1.1,360,20.0,7,-24.0,9.5,-44.0,44.0,98.462,1,20.9807467,105.796265,32.77
2026-09-10T08:18:34.197464+00:00,DU,125,1,0,20.9811633,105.7969217,58.8,0.41,4,2.6,580,20.0,7,-40.0,9.5,-60.0,60.0,96.923,2,20.9807467,105.796265,
2026-09-10T08:18:37.625971+00:00,SU,229,1,1,20.980905,105.796555,-33.5,0.1,5,1.4,360,20.0,7,-24.0,10.0,-44.0,44.0,98.485,1,20.9807467,105.796265,33.55
2026-09-10T08:18:39.222633+00:00,DU,126,1,0,20.9811417,105.796925,59.3,0.56,4,2.6,600,20.0,7,-40.0,9.5,-60.0,60.0,96.97,2,20.9807467,105.796265,
2026-09-10T08:18:42.626223+00:00,SU,230,1,1,20.9809017,105.7965483,-33.3,0.04,5,1.4,360,20.0,7,-24.0,9.3,-44.0,44.0,98.507,1,20.9807467,105.796265,34.09
2026-09-10T08:18:44.247099+00:00,DU,127,1,0,20.9811217,105.79691,59.6,0.59,4,2.6,630,20.0,7,-40.0,9.8,-60.0,60.0,97.015,2,20.9807467,105.796265,
2026-09-10T08:18:47.624739+00:00,SU,231,1,1,20.9809,105.7965467,-33.3,0.0,5,1.4,360,20.0,7,-24.0,9.5,-44.0,44.0,98.529,1,20.9807467,105.796265,34.09
2026-09-10T08:18:49.272839+00:00,DU,128,1,0,20.9811233,105.79693,59.4,0.3,4,2.6,650,20.0,7,-41.0,9.0,-61.0,61.0,97.059,2,20.9807467,105.796265,
2026-09-10T08:18:52.625668+00:00,SU,232,1,1,20.9809017,105.7965533,-32.9,0.12,5,1.4,360,20.0,7,-24.0,9.3,-44.0,44.0,98.551,1,20.9807467,105.796265,34.09
2026-09-10T08:18:54.297613+00:00,DU,129,1,0,20.9811117,105.79692,58.7,0.32,4,2.6,680,20.0,7,-40.0,9.8,-60.0,60.0,97.101,2,20.9807467,105.796265,
2026-09-10T08:18:57.625746+00:00,SU,233,1,1,20.980905,105.7965617,-31.7,0.16,6,1.1,360,20.0,7,-24.0,9.5,-44.0,44.0,98.571,1,20.9807467,105.796265,34.54
2026-09-10T08:18:59.322315+00:00,DU,130,1,0,20.9811083,105.79691,58.0,0.73,4,2.6,700,20.0,7,-40.0,9.5,-60.0,60.0,97.143,2,20.9807467,105.796265,
2026-09-10T08:19:02.625411+00:00,SU,234,1,1,20.980905,105.796565,-30.3,0.13,6,1.1,360,20.0,7,-24.0,9.3,-44.0,44.0,98.592,1,20.9807467,105.796265,35.48
2026-09-10T08:19:04.347210+00:00,DU,131,1,0,20.9810983,105.79689,57.2,1.08,4,2.6,730,20.0,7,-41.0,9.3,-61.0,61.0,97.183,2,20.9807467,105.796265,
2026-09-10T08:19:07.625042+00:00,SU,235,1,1,20.9809067,105.79657,-28.8,0.02,6,1.1,340,20.0,7,-24.0,9.3,-44.0,44.0,98.611,1,20.9807467,105.796265,35.78
2026-09-10T08:19:09.372780+00:00,DU,132,1,0,20.9811,105.7969033,56.6,0.36,4,2.6,750,20.0,7,-39.0,9.5,-59.0,59.0,97.222,2,20.9807467,105.796265,
2026-09-10T08:19:12.624545+00:00,SU,236,1,1,20.9809083,105.796575,-27.4,0.03,5,1.4,360,20.0,7,-24.0,9.5,-44.0,44.0,98.63,1,20.9807467,105.796265,36.32
2026-09-10T08:19:14.398565+00:00,DU,133,1,0,20.9811033,105.7969317,56.0,0.29,4,2.6,770,20.0,7,-40.0,9.8,-60.0,60.0,97.26,2,20.9807467,105.796265,
2026-09-10T08:19:17.625093+00:00,SU,237,1,1,20.9809083,105.7965717,-27.0,0.22,5,1.4,360,20.0,7,-24.0,10.0,-44.0,44.0,98.649,1,20.9807467,105.796265,36.56
2026-09-10T08:19:19.423419+00:00,DU,134,1,0,20.981105,105.7969933,53.4,0.09,4,2.6,800,20.0,7,-39.0,9.3,-59.0,59.0,97.297,2,20.9807467,105.796265,
2026-09-10T08:19:22.625348+00:00,SU,238,1,1,20.9808883,105.7965333,-26.2,0.05,5,1.4,360,20.0,7,-24.0,9.5,-44.0,44.0,98.667,1,20.9807467,105.796265,36.56
2026-09-10T08:19:24.448967+00:00,DU,135,1,0,20.9811167,105.7970717,51.6,0.58,4,2.6,820,20.0,7,-40.0,9.5,-60.0,60.0,97.333,2,20.9807467,105.796265,
2026-09-10T08:19:27.624731+00:00,SU,239,1,1,20.9808683,105.796495,-25.0,0.07,6,1.1,360,20.0,7,-24.0,9.5,-44.0,44.0,98.684,1,20.9807467,105.796265,32.0
2026-09-10T08:19:29.474580+00:00,DU,136,1,0,20.9811233,105.7971117,50.5,0.32,4,2.6,850,20.0,7,-39.0,9.3,-59.0,59.0,97.368,2,20.9807467,105.796265,
2026-09-10T08:19:32.624716+00:00,SU,240,1,1,20.9808617,105.79648,-23.6,0.03,6,1.1,360,20.0,7,-23.0,9.3,-43.0,43.0,98.701,1,20.9807467,105.796265,27.44
2026-09-10T08:19:34.500591+00:00,DU,137,1,0,20.9811233,105.7971183,49.6,0.34,4,2.6,10,20.0,7,-39.0,9.5,-59.0,59.0,97.403,2,20.9807467,105.796265,
2026-09-10T08:19:37.625347+00:00,SU,241,1,1,20.9808583,105.796475,-22.9,0.0,5,1.2,360,20.0,7,-23.0,9.0,-43.0,43.0,98.718,1,20.9807467,105.796265,25.73
2026-09-10T08:19:39.525942+00:00,DU,138,1,0,20.9811267,105.7971167,49.2,0.32,4,2.6,40,20.0,7,-41.0,9.8,-61.0,61.0,97.436,2,20.9807467,105.796265,
2026-09-10T08:19:42.625254+00:00,SU,242,1,1,20.9808567,105.7964683,-21.8,0.1,5,1.2,360,20.0,7,-23.0,9.3,-43.0,43.0,98.734,1,20.9807467,105.796265,25.09
2026-09-10T08:19:44.550933+00:00,DU,139,1,0,20.9811333,105.7971217,48.7,0.46,4,2.6,60,20.0,7,-40.0,9.5,-60.0,60.0,97.468,2,20.9807467,105.796265,
2026-09-10T08:19:47.624886+00:00,SU,243,1,1,20.9808533,105.7964633,-20.8,0.08,6,1.1,360,20.0,7,-23.0,9.5,-43.0,43.0,98.75,1,20.9807467,105.796265,24.4
2026-09-10T08:19:49.575863+00:00,DU,140,1,0,20.9811317,105.7971117,47.9,0.33,4,2.6,90,20.0,7,-40.0,10.0,-60.0,60.0,97.5,2,20.9807467,105.796265,
2026-09-10T08:19:52.624240+00:00,SU,244,1,1,20.98085,105.7964583,-19.9,0.02,5,1.4,360,20.0,7,-23.0,9.5,-43.0,43.0,98.765,1,20.9807467,105.796265,23.76
2026-09-10T08:19:54.601229+00:00,DU,141,1,0,20.981115,105.7970667,46.5,0.86,4,2.6,120,20.0,7,-39.0,9.3,-59.0,59.0,97.531,2,20.9807467,105.796265,
2026-09-10T08:19:57.624168+00:00,SU,245,1,1,20.9808483,105.7964533,-19.1,0.05,5,1.4,360,20.0,7,-23.0,9.5,-43.0,43.0,98.78,1,20.9807467,105.796265,23.12
2026-09-10T08:19:59.627358+00:00,DU,142,1,0,20.9811017,105.7970183,45.3,1.17,4,2.6,10,20.0,7,-40.0,10.3,-60.0,60.0,97.561,2,20.9807467,105.796265,
2026-09-10T08:20:02.624825+00:00,SU,246,1,1,20.9808567,105.79647,-18.6,0.04,5,1.4,360,20.0,7,-23.0,9.5,-43.0,43.0,98.795,1,20.9807467,105.796265,23.12
2026-09-10T08:20:04.652639+00:00,DU,143,1,0,20.98109,105.796985,44.1,1.06,3,20.1,30,20.0,7,-39.0,9.5,-59.0,59.0,97.59,2,20.9807467,105.796265,
2026-09-10T08:20:07.624813+00:00,SU,247,1,1,20.9808667,105.79649,-18.2,0.05,5,1.4,360,20.0,7,-23.0,9.5,-43.0,43.0,98.81,1,20.9807467,105.796265,24.55
2026-09-10T08:20:09.676369+00:00,DU,144,1,0,20.9810983,105.7970133,43.2,0.2,4,2.6,60,20.0,7,-39.0,9.3,-59.0,59.0,97.619,2,20.9807467,105.796265,
2026-09-10T08:20:12.624224+00:00,SU,248,1,1,20.980875,105.7965033,-17.7,0.14,5,1.4,360,20.0,7,-23.0,9.8,-43.0,43.0,98.824,1,20.9807467,105.796265,26.9
2026-09-10T08:20:14.701061+00:00,DU,145,1,0,20.9811,105.797015,42.5,0.25,4,2.6,80,20.0,7,-41.0,9.3,-61.0,61.0,97.647,2,20.9807467,105.796265,
2026-09-10T08:20:17.623903+00:00,SU,249,1,1,20.980885,105.796525,-17.2,0.25,5,1.4,360,20.0,7,-23.0,9.5,-43.0,43.0,98.837,1,20.9807467,105.796265,28.56
2026-09-10T08:20:19.725821+00:00,DU,146,1,0,20.9810983,105.797025,41.8,0.2,4,2.6,110,20.0,7,-39.0,9.8,-59.0,59.0,97.674,2,20.9807467,105.796265,
2026-09-10T08:20:22.625140+00:00,SU,250,1,1,20.98089,105.7965333,-16.6,0.12,6,1.1,360,20.0,7,-23.0,10.0,-43.0,43.0,98.851,1,20.9807467,105.796265,31.07
2026-09-10T08:20:24.751589+00:00,DU,147,1,0,20.98108,105.79699,41.1,0.64,4,2.6,130,20.0,7,-39.0,9.3,-59.0,59.0,97.701,2,20.9807467,105.796265,
2026-09-10T08:20:27.625695+00:00,SU,251,1,1,20.9808883,105.7965317,-16.5,0.0,5,1.3,360,20.0,7,-24.0,9.3,-44.0,44.0,98.864,1,20.9807467,105.796265,31.85
2026-09-10T08:20:29.776662+00:00,DU,148,1,0,20.98109,105.7969983,40.8,0.23,4,2.6,160,20.0,7,-40.0,10.0,-60.0,60.0,97.727,2,20.9807467,105.796265,
2026-09-10T08:20:32.624583+00:00,SU,252,1,1,20.980885,105.796525,-16.1,0.1,6,1.1,360,20.0,7,-23.0,9.8,-43.0,43.0,98.876,1,20.9807467,105.796265,31.85
2026-09-10T08:20:34.801146+00:00,DU,149,1,0,20.981085,105.7969867,40.5,0.29,3,20.0,180,20.0,7,-39.0,9.0,-59.0,59.0,97.753,2,20.9807467,105.796265,
2026-09-10T08:20:37.625224+00:00,SU,253,1,1,20.980885,105.7965267,-15.7,0.15,6,1.1,360,20.0,7,-23.0,9.3,-43.0,43.0,98.889,1,20.9807467,105.796265,31.22
2026-09-10T08:20:39.826045+00:00,DU,150,1,0,20.981075,105.7969867,40.0,0.15,4,2.6,200,20.0,7,-39.0,9.5,-59.0,59.0,97.778,2,20.9807467,105.796265,
2026-09-10T08:20:42.623645+00:00,SU,254,1,1,20.98088,105.7965217,-15.3,0.09,6,1.1,360,20.0,7,-23.0,9.5,-43.0,43.0,98.901,1,20.9807467,105.796265,31.07
2026-09-10T08:20:44.851464+00:00,DU,151,1,0,20.981065,105.7969667,39.2,0.43,4,2.6,230,20.0,7,-38.0,10.0,-58.0,58.0,97.802,2,20.9807467,105.796265,
2026-09-10T08:20:47.624355+00:00,SU,255,1,1,20.9808667,105.7964967,-15.0,0.12,6,1.1,360,20.0,7,-23.0,9.8,-43.0,43.0,98.913,1,20.9807467,105.796265,30.5
2026-09-10T08:20:49.876687+00:00,DU,152,1,0,20.9810533,105.7969883,36.2,0.14,4,2.6,260,20.0,7,-38.0,9.8,-58.0,58.0,97.826,2,20.9807467,105.796265,
2026-09-10T08:20:52.624330+00:00,SU,256,1,1,20.9808533,105.7964733,-15.1,0.05,6,1.1,360,20.0,7,-23.0,9.5,-43.0,43.0,98.925,1,20.9807467,105.796265,27.51
2026-09-10T08:20:54.901481+00:00,DU,153,1,0,20.9810533,105.797005,33.2,0.19,4,2.6,280,20.0,7,-39.0,9.3,-59.0,59.0,97.849,2,20.9807467,105.796265,
2026-09-10T08:20:57.624088+00:00,SU,257,1,1,20.9808483,105.7964633,-15.0,0.17,6,1.1,360,20.0,7,-23.0,9.5,-43.0,43.0,98.936,1,20.9807467,105.796265,24.66
2026-09-10T08:20:59.926842+00:00,DU,154,1,0,20.9810367,105.7969917,30.7,0.13,4,2.6,300,20.0,7,-38.0,10.0,-58.0,58.0,97.872,2,20.9807467,105.796265,
2026-09-10T08:21:02.623743+00:00,SU,258,1,1,20.9808517,105.79647,-14.8,0.1,6,1.1,360,20.0,7,-23.0,9.5,-43.0,43.0,98.947,1,20.9807467,105.796265,24.28
2026-09-10T08:21:04.952021+00:00,DU,155,1,0,20.9810283,105.79698,28.8,0.31,4,2.6,330,20.0,7,-38.0,9.3,-58.0,58.0,97.895,2,20.9807467,105.796265,
2026-09-10T08:21:07.624604+00:00,SU,259,1,1,20.980855,105.7964783,-14.6,0.08,5,1.4,360,20.0,7,-23.0,9.5,-43.0,43.0,98.958,1,20.9807467,105.796265,24.28
2026-09-10T08:21:09.977335+00:00,DU,156,1,0,20.9810233,105.79694,27.7,0.47,4,2.6,350,20.0,7,-38.0,9.8,-58.0,58.0,97.917,2,20.9807467,105.796265,
2026-09-10T08:21:12.624538+00:00,SU,260,1,1,20.9808583,105.7964883,-14.4,0.02,6,1.1,360,20.0,7,-24.0,9.5,-44.0,44.0,98.969,1,20.9807467,105.796265,25.21
2026-09-10T08:21:15.000886+00:00,DU,157,1,0,20.981025,105.79695,26.5,0.29,4,2.6,370,20.0,7,-39.0,9.3,-59.0,59.0,97.938,2,20.9807467,105.796265,
2026-09-10T08:21:17.624092+00:00,SU,261,1,1,20.980855,105.79648,-14.5,0.06,6,1.1,360,20.0,7,-23.0,9.5,-43.0,43.0,98.98,1,20.9807467,105.796265,25.36
2026-09-10T08:21:20.025647+00:00,DU,158,1,0,20.9810333,105.7969383,25.1,0.48,4,2.6,400,20.0,7,-39.0,10.3,-59.0,59.0,97.959,2,20.9807467,105.796265,
2026-09-10T08:21:22.623575+00:00,SU,262,1,1,20.98085,105.796465,-14.7,0.1,6,1.1,360,20.0,7,-23.0,9.3,-43.0,43.0,98.99,1,20.9807467,105.796265,25.36
2026-09-10T08:21:25.050471+00:00,DU,159,1,0,20.981035,105.7969283,23.3,0.4,4,2.6,420,20.0,7,-40.0,9.3,-60.0,60.0,97.98,2,20.9807467,105.796265,
2026-09-10T08:21:27.623736+00:00,SU,263,1,1,20.9808483,105.7964633,-14.7,0.09,6,1.1,360,20.0,7,-23.0,9.3,-43.0,43.0,99.0,1,20.9807467,105.796265,23.73
2026-09-10T08:21:30.075235+00:00,DU,160,1,0,20.981045,105.796925,22.3,0.16,4,2.6,460,20.0,7,-39.0,10.3,-59.0,59.0,98.0,2,20.9807467,105.796265,
2026-09-10T08:21:32.623888+00:00,SU,264,1,1,20.9808533,105.79647,-14.6,0.03,6,1.1,360,20.0,7,-23.0,9.8,-43.0,43.0,99.01,1,20.9807467,105.796265,23.73
2026-09-10T08:21:35.101058+00:00,DU,161,1,0,20.9810567,105.7969383,21.3,0.27,4,2.6,480,20.0,7,-39.0,9.5,-59.0,59.0,98.02,2,20.9807467,105.796265,
2026-09-10T08:21:37.624117+00:00,SU,265,1,1,20.9808533,105.7964667,-14.3,0.13,6,1.1,360,20.0,7,-23.0,9.8,-43.0,43.0,99.02,1,20.9807467,105.796265,24.06
2026-09-10T08:21:40.125568+00:00,DU,162,1,0,20.9810633,105.7969383,20.4,0.11,4,2.6,500,20.0,7,-39.0,9.8,-59.0,59.0,98.039,2,20.9807467,105.796265,
2026-09-10T08:21:42.624391+00:00,SU,266,1,1,20.9808517,105.7964583,-13.7,0.01,6,1.1,360,20.0,7,-23.0,9.8,-43.0,43.0,99.029,1,20.9807467,105.796265,24.06
2026-09-10T08:21:45.150611+00:00,DU,163,1,0,20.9810767,105.7969383,19.7,0.17,4,2.6,530,20.0,7,-39.0,9.3,-59.0,59.0,98.058,2,20.9807467,105.796265,
2026-09-10T08:21:47.624137+00:00,SU,267,1,1,20.9808517,105.7964567,-13.6,0.0,6,1.1,360,20.0,7,-24.0,9.5,-44.0,44.0,99.038,1,20.9807467,105.796265,23.22
2026-09-10T08:21:50.175510+00:00,DU,164,1,0,20.98109,105.7969533,19.0,0.19,4,2.6,560,20.0,7,-41.0,9.8,-61.0,61.0,98.077,2,20.9807467,105.796265,
2026-09-10T08:21:52.624642+00:00,SU,268,1,1,20.980855,105.7964717,-13.9,0.06,6,1.1,360,20.0,7,-24.0,9.8,-44.0,44.0,99.048,1,20.9807467,105.796265,23.22
2026-09-10T08:21:55.200928+00:00,DU,165,1,0,20.9811017,105.796965,18.2,0.24,4,2.6,580,20.0,7,-40.0,9.5,-60.0,60.0,98.095,2,20.9807467,105.796265,
2026-09-10T08:21:57.623848+00:00,SU,269,1,1,20.9808567,105.79648,-13.6,0.05,6,1.1,360,20.0,7,-24.0,9.5,-44.0,44.0,99.057,1,20.9807467,105.796265,24.61
2026-09-10T08:22:00.225573+00:00,DU,166,1,0,20.9811133,105.796975,17.3,0.34,4,2.6,600,20.0,7,-40.0,9.5,-60.0,60.0,98.113,2,20.9807467,105.796265,
2026-09-10T08:22:02.623698+00:00,SU,270,1,1,20.9808583,105.7964817,-13.0,0.08,6,1.1,360,20.0,7,-24.0,9.3,-44.0,44.0,99.065,1,20.9807467,105.796265,25.45
2026-09-10T08:22:05.250257+00:00,DU,167,1,0,20.9811233,105.7969717,16.4,0.41,4,2.6,630,20.0,7,-39.0,9.8,-59.0,59.0,98.131,2,20.9807467,105.796265,
2026-09-10T08:22:07.623022+00:00,SU,271,1,1,20.9808567,105.7964717,-12.3,0.07,6,1.1,360,20.0,7,-23.0,9.3,-43.0,43.0,99.074,1,20.9807467,105.796265,25.45
2026-09-10T08:22:10.274981+00:00,DU,168,1,0,20.9811183,105.7969533,15.9,0.07,4,2.6,660,20.0,7,-38.0,10.0,-58.0,58.0,98.148,2,20.9807467,105.796265,
2026-09-10T08:22:12.622875+00:00,SU,272,1,1,20.980855,105.79646,-11.7,0.16,6,1.1,360,20.0,7,-24.0,9.8,-44.0,44.0,99.083,1,20.9807467,105.796265,24.7
2026-09-10T08:22:15.300152+00:00,DU,169,1,0,20.981095,105.7969383,15.3,0.72,4,2.6,670,20.0,7,-39.0,9.8,-59.0,59.0,98.165,2,20.9807467,105.796265,
2026-09-10T08:22:17.623735+00:00,SU,273,1,1,20.9808483,105.79644,-11.2,0.02,6,1.1,360,20.0,7,-23.0,9.3,-43.0,43.0,99.091,1,20.9807467,105.796265,23.56
2026-09-10T08:22:20.325366+00:00,DU,170,1,0,20.98107,105.7969167,14.3,0.48,4,2.6,700,20.0,7,-40.0,9.3,-60.0,60.0,98.182,2,20.9807467,105.796265,
2026-09-10T08:22:22.623250+00:00,SU,274,1,1,20.98086,105.7964533,-11.1,0.03,6,1.1,360,20.0,7,-22.0,9.5,-42.0,42.0,99.099,1,20.9807467,105.796265,22.96
2026-09-10T08:22:25.350108+00:00,DU,171,1,0,20.9810567,105.7968767,12.9,0.67,4,2.6,720,20.0,7,-40.0,9.5,-60.0,60.0,98.198,2,20.9807467,105.796265,
2026-09-10T08:22:27.623246+00:00,SU,275,1,1,20.980875,105.7964733,-11.1,0.34,6,1.1,360,20.0,7,-22.0,9.0,-42.0,42.0,99.107,1,20.9807467,105.796265,23.26
2026-09-10T08:22:30.374786+00:00,DU,172,1,0,20.9810467,105.796855,12.0,0.25,4,2.6,750,20.0,7,-39.0,9.8,-59.0,59.0,98.214,2,20.9807467,105.796265,
2026-09-10T08:22:32.624047+00:00,SU,276,1,1,20.9808783,105.79647,-11.1,0.13,6,1.1,360,20.0,7,-23.0,10.0,-43.0,43.0,99.115,1,20.9807467,105.796265,25.62
2026-09-10T08:22:35.400544+00:00,DU,173,1,0,20.9810433,105.7968433,11.0,0.19,4,2.6,780,20.0,7,-39.0,9.5,-59.0,59.0,98.23,2,20.9807467,105.796265,
2026-09-10T08:22:37.624093+00:00,SU,277,1,1,20.9808817,105.7964733,-10.8,0.15,5,1.4,360,20.0,7,-23.0,9.3,-43.0,43.0,99.123,1,20.9807467,105.796265,26.11
2026-09-10T08:22:40.426295+00:00,DU,174,1,0,20.9810367,105.7968483,9.1,0.12,4,2.6,800,20.0,7,-40.0,9.3,-60.0,60.0,98.246,2,20.9807467,105.796265,
2026-09-10T08:22:42.623635+00:00,SU,278,1,1,20.9808917,105.7964867,-11.1,0.02,5,1.4,360,20.0,7,-22.0,9.8,-42.0,42.0,99.13,1,20.9807467,105.796265,26.33
2026-09-10T08:22:45.453653+00:00,DU,175,1,0,20.9810483,105.7968567,7.3,0.13,4,2.6,830,20.0,7,-38.0,9.5,-58.0,58.0,98.261,2,20.9807467,105.796265,
2026-09-10T08:22:47.623106+00:00,SU,279,1,1,20.9808967,105.796485,-11.8,0.08,5,1.4,360,20.0,7,-23.0,9.3,-43.0,43.0,99.138,1,20.9807467,105.796265,27.96
2026-09-10T08:22:50.477189+00:00,DU,176,1,0,20.981045,105.79683,7.6,0.56,4,2.6,850,20.0,7,-39.0,9.8,-59.0,59.0,98.276,2,20.9807467,105.796265,
2026-09-10T08:22:52.622737+00:00,SU,280,1,1,20.9808967,105.7964833,-11.8,0.0,6,1.1,360,20.0,7,-23.0,10.0,-43.0,43.0,99.145,1,20.9807467,105.796265,28.28
2026-09-10T08:22:55.502778+00:00,DU,177,1,0,20.9810317,105.7967567,8.8,1.04,4,2.6,10,20.0,7,-39.0,9.5,-59.0,59.0,98.291,2,20.9807467,105.796265,
2026-09-10T08:22:57.622428+00:00,SU,281,1,1,20.9808967,105.7964833,-11.8,0.0,6,1.1,360,20.0,7,-22.0,10.0,-42.0,42.0,99.153,1,20.9807467,105.796265,28.14
2026-09-10T08:23:00.527182+00:00,DU,178,1,0,20.98102,105.7967183,9.4,0.81,4,2.6,40,20.0,7,-38.0,9.5,-58.0,58.0,98.305,2,20.9807467,105.796265,
2026-09-10T08:23:02.623959+00:00,SU,282,1,1,20.9808967,105.7964833,-11.8,0.0,6,1.1,360,20.0,7,-22.0,9.8,-42.0,42.0,99.16,1,20.9807467,105.796265,28.14
2026-09-10T08:23:05.552942+00:00,DU,179,1,0,20.98102,105.796715,9.4,0.08,4,2.6,70,20.0,7,-39.0,10.0,-59.0,59.0,98.319,2,20.9807467,105.796265,
2026-09-10T08:23:07.623109+00:00,SU,283,1,1,20.9808967,105.7964833,-11.8,0.0,6,1.1,350,20.0,7,-22.0,9.8,-42.0,42.0,99.167,1,20.9807467,105.796265,28.14
2026-09-10T08:23:10.579015+00:00,DU,180,1,0,20.9810217,105.7967133,8.8,0.1,4,2.6,90,20.0,7,-39.0,9.5,-59.0,59.0,98.333,2,20.9807467,105.796265,
2026-09-10T08:23:12.623094+00:00,SU,284,1,1,20.9808967,105.7964817,-11.8,0.0,6,1.1,360,20.0,7,-23.0,9.3,-43.0,43.0,99.174,1,20.9807467,105.796265,28.14
2026-09-10T08:23:15.603451+00:00,DU,181,1,0,20.9810167,105.7967017,8.4,0.09,4,2.6,120,20.0,7,-39.0,9.8,-59.0,59.0,98.347,2,20.9807467,105.796265,
2026-09-10T08:23:17.622422+00:00,SU,285,1,1,20.9808967,105.7964817,-11.8,0.0,6,1.1,360,20.0,7,-23.0,9.3,-43.0,43.0,99.18,1,20.9807467,105.796265,28.01
2026-09-10T08:23:20.628409+00:00,DU,182,1,0,20.9810083,105.7966883,8.2,0.03,4,2.6,10,20.0,7,-39.0,9.8,-59.0,59.0,98.361,2,20.9807467,105.796265,
2026-09-10T08:23:22.624121+00:00,SU,286,1,1,20.9809083,105.7965033,-12.4,0.02,6,1.1,360,20.0,7,-23.0,9.8,-43.0,43.0,99.187,1,20.9807467,105.796265,28.01
2026-09-10T08:23:25.653222+00:00,DU,183,1,0,20.9809833,105.7966717,8.5,0.5,4,2.6,30,20.0,7,-39.0,9.8,-59.0,59.0,98.374,2,20.9807467,105.796265,
2026-09-10T08:23:27.623616+00:00,SU,287,1,1,20.9809167,105.79652,-13.0,0.02,6,1.1,360,20.0,7,-23.0,9.8,-43.0,43.0,99.194,1,20.9807467,105.796265,30.58
2026-09-10T08:23:30.678725+00:00,DU,184,1,0,20.9809417,105.796615,8.7,1.02,4,2.6,50,20.0,7,-39.0,9.8,-59.0,59.0,98.387,2,20.9807467,105.796265,
2026-09-10T08:23:32.623589+00:00,SU,288,1,1,20.9809133,105.79651,-13.7,0.0,6,1.1,360,20.0,7,-23.0,9.8,-43.0,43.0,99.2,1,20.9807467,105.796265,31.47
2026-09-10T08:23:35.703426+00:00,DU,185,1,0,20.9809283,105.796595,9.0,0.7,4,2.6,80,20.0,7,-39.0,9.8,-59.0,59.0,98.4,2,20.9807467,105.796265,
2026-09-10T08:23:37.622750+00:00,SU,289,1,1,20.98092,105.7965233,-13.9,0.01,6,1.1,360,20.0,7,-23.0,10.0,-43.0,43.0,99.206,1,20.9807467,105.796265,32.53
2026-09-10T08:23:40.728065+00:00,DU,186,1,0,20.9809117,105.7965683,9.3,0.73,4,2.6,100,20.0,7,-38.0,9.5,-58.0,58.0,98.413,2,20.9807467,105.796265,
2026-09-10T08:23:42.622314+00:00,SU,290,1,1,20.9809333,105.7965517,-14.2,0.04,6,1.1,360,20.0,7,-23.0,10.3,-43.0,43.0,99.213,1,20.9807467,105.796265,33.02
2026-09-10T08:23:45.753058+00:00,DU,187,1,0,20.9809083,105.7965567,9.5,0.22,3,2.8,130,20.0,7,-39.0,9.8,-59.0,59.0,98.425,2,20.9807467,105.796265,
2026-09-10T08:23:47.623015+00:00,SU,291,1,1,20.980935,105.7965533,-15.1,0.12,6,1.1,360,20.0,7,-23.0,10.0,-43.0,43.0,99.219,1,20.9807467,105.796265,36.28
2026-09-10T08:23:50.778023+00:00,DU,188,1,0,20.9808967,105.796525,9.8,0.33,4,2.6,150,20.0,7,-39.0,10.0,-59.0,59.0,98.438,2,20.9807467,105.796265,
2026-09-10T08:23:52.622431+00:00,SU,292,1,1,20.980935,105.796555,-16.2,0.07,5,1.4,360,20.0,7,-23.0,9.8,-43.0,43.0,99.225,1,20.9807467,105.796265,36.53
2026-09-10T08:23:55.803816+00:00,DU,189,1,0,20.9808917,105.7964867,10.9,0.26,4,2.6,180,20.0,7,-40.0,9.3,-60.0,60.0,98.45,2,20.9807467,105.796265,
2026-09-10T08:23:57.622163+00:00,SU,293,1,1,20.980925,105.796535,-19.0,0.07,5,1.4,360,20.0,7,-23.0,9.8,-43.0,43.0,99.231,1,20.9807467,105.796265,36.53
2026-09-10T08:24:00.828726+00:00,DU,190,1,0,20.9809017,105.7964533,12.6,0.21,4,2.6,200,20.0,7,-38.0,9.5,-58.0,58.0,98.462,2,20.9807467,105.796265,
2026-09-10T08:24:02.622253+00:00,SU,294,1,1,20.9809083,105.796505,-22.0,0.03,5,1.1,360,20.0,7,-23.0,10.3,-43.0,43.0,99.237,1,20.9807467,105.796265,34.33
2026-09-10T08:24:05.853997+00:00,DU,191,1,0,20.980915,105.7964333,14.8,0.33,4,2.6,230,20.0,7,-39.0,10.0,-59.0,59.0,98.473,2,20.9807467,105.796265,
2026-09-10T08:24:07.622741+00:00,SU,295,1,1,20.9808983,105.7964833,-25.3,0.02,6,1.1,360,20.0,7,-23.0,9.8,-43.0,43.0,99.242,1,20.9807467,105.796265,30.72
2026-09-10T08:24:10.877796+00:00,DU,192,1,0,20.9809083,105.7964067,16.6,0.6,4,2.6,250,20.0,7,-39.0,9.5,-59.0,59.0,98.485,2,20.9807467,105.796265,
2026-09-10T08:24:12.622652+00:00,SU,296,1,1,20.980895,105.7964717,-27.8,0.09,6,1.1,360,20.0,7,-22.0,9.8,-42.0,42.0,99.248,1,20.9807467,105.796265,28.25
2026-09-10T08:24:15.903753+00:00,DU,193,1,0,20.9808867,105.7963767,18.6,0.79,4,2.6,280,20.0,7,-38.0,10.0,-58.0,58.0,98.496,2,20.9807467,105.796265,
2026-09-10T08:24:17.622119+00:00,SU,297,1,1,20.9809117,105.796505,-28.1,0.08,6,1.1,360,20.0,7,-23.0,9.8,-43.0,43.0,99.254,1,20.9807467,105.796265,28.25
2026-09-10T08:24:20.927987+00:00,DU,194,1,0,20.9809033,105.7963933,19.5,0.25,4,2.6,300,20.0,7,-38.0,9.3,-58.0,58.0,98.507,2,20.9807467,105.796265,
2026-09-10T08:24:22.621923+00:00,SU,298,1,1,20.9809217,105.79652,-28.8,0.12,5,1.5,360,20.0,7,-23.0,10.0,-43.0,43.0,99.259,1,20.9807467,105.796265,30.94
2026-09-10T08:24:25.953094+00:00,DU,195,1,0,20.9809083,105.796375,21.4,0.34,4,2.6,330,20.0,7,-38.0,9.8,-58.0,58.0,98.519,2,20.9807467,105.796265,
2026-09-10T08:24:27.621758+00:00,SU,299,1,1,20.980925,105.7965267,-29.9,0.05,6,1.1,360,20.0,7,-22.0,10.0,-42.0,42.0,99.265,1,20.9807467,105.796265,32.86
2026-09-10T08:24:30.977349+00:00,DU,196,1,0,20.9808933,105.7963467,22.8,0.47,3,20.1,350,20.0,7,-38.0,9.5,-58.0,58.0,98.529,2,20.9807467,105.796265,
2026-09-10T08:24:32.622534+00:00,SU,300,1,1,20.9809317,105.7965383,-29.9,0.32,6,1.1,360,20.0,7,-23.0,9.8,-43.0,43.0,99.27,1,20.9807467,105.796265,33.63
2026-09-10T08:24:36.002424+00:00,DU,197,1,0,20.980875,105.7963167,23.5,0.4,3,20.1,380,20.0,7,-38.0,9.5,-58.0,58.0,98.54,2,20.9807467,105.796265,
2026-09-10T08:24:37.622163+00:00,SU,301,1,1,20.9809367,105.7965483,-29.8,0.04,6,1.1,360,20.0,7,-22.0,9.8,-42.0,42.0,99.275,1,20.9807467,105.796265,35.05
2026-09-10T08:24:41.027840+00:00,DU,198,1,0,20.9808667,105.79631,25.1,0.2,4,2.6,400,20.0,7,-38.0,9.5,-58.0,58.0,98.551,2,20.9807467,105.796265,
2026-09-10T08:24:42.622188+00:00,SU,302,1,1,20.980945,105.7965633,-29.7,0.05,6,1.1,360,20.0,7,-23.0,10.0,-43.0,43.0,99.281,1,20.9807467,105.796265,36.21
2026-09-10T08:24:46.052865+00:00,DU,199,1,0,20.980845,105.7963033,26.5,0.12,3,20.1,430,20.0,7,-41.0,9.5,-61.0,61.0,98.561,2,20.9807467,105.796265,
2026-09-10T08:24:47.621608+00:00,SU,303,1,1,20.98095,105.796575,-29.5,0.02,5,1.5,360,20.0,7,-23.0,9.5,-43.0,43.0,99.286,1,20.9807467,105.796265,38.02
2026-09-10T08:24:51.077753+00:00,DU,200,1,0,20.98087,105.7962983,27.2,0.56,3,20.1,450,20.0,7,-38.0,9.0,-58.0,58.0,98.571,2,20.9807467,105.796265,
2026-09-10T08:24:52.622508+00:00,SU,304,1,1,20.9809383,105.7965533,-29.8,0.08,5,1.5,360,20.0,7,-22.0,9.5,-42.0,42.0,99.291,1,20.9807467,105.796265,38.02
2026-09-10T08:24:56.102613+00:00,DU,201,1,0,20.98089,105.7963217,27.6,0.35,3,20.1,480,20.0,7,-39.0,9.5,-59.0,59.0,98.582,2,20.9807467,105.796265,
2026-09-10T08:24:57.622136+00:00,SU,305,1,1,20.9809317,105.7965467,-28.3,0.08,5,1.5,360,20.0,7,-22.0,9.8,-42.0,42.0,99.296,1,20.9807467,105.796265,36.74
2026-09-10T08:25:01.128089+00:00,DU,202,1,0,20.980915,105.7963333,28.1,0.18,4,2.6,500,20.0,7,-38.0,9.3,-58.0,58.0,98.592,2,20.9807467,105.796265,
2026-09-10T08:25:02.622244+00:00,SU,306,1,1,20.9809133,105.79652,-25.7,0.05,6,1.1,360,20.0,7,-23.0,9.5,-43.0,43.0,99.301,1,20.9807467,105.796265,35.76
2026-09-10T08:25:06.153405+00:00,DU,203,1,0,20.980935,105.7963967,29.1,0.14,4,2.6,530,20.0,7,-38.0,9.5,-58.0,58.0,98.601,2,20.9807467,105.796265,
2026-09-10T08:25:07.621335+00:00,SU,307,1,1,20.9808883,105.7964783,-25.3,0.08,6,1.1,360,20.0,7,-23.0,9.8,-43.0,43.0,99.306,1,20.9807467,105.796265,32.31
2026-09-10T08:25:11.178187+00:00,DU,204,1,0,20.9809767,105.79646,28.7,0.19,4,2.6,550,20.0,7,-38.0,9.5,-58.0,58.0,98.611,2,20.9807467,105.796265,
2026-09-10T08:25:12.621244+00:00,SU,308,1,1,20.9808567,105.7964217,-25.9,0.01,6,1.1,360,20.0,7,-23.0,9.8,-43.0,43.0,99.31,1,20.9807467,105.796265,27.17
2026-09-10T08:25:16.201885+00:00,DU,205,1,0,20.9810233,105.7965517,27.6,0.28,4,2.6,580,20.0,7,-38.0,9.8,-58.0,58.0,98.621,2,20.9807467,105.796265,
2026-09-10T08:25:17.621936+00:00,SU,309,1,1,20.9808517,105.79641,-26.2,0.0,5,1.5,360,20.0,7,-23.0,9.5,-43.0,43.0,99.315,1,20.9807467,105.796265,20.35
2026-09-10T08:25:21.227134+00:00,DU,206,1,0,20.9810533,105.7966017,26.3,0.31,3,20.2,600,20.0,7,-38.0,9.5,-58.0,58.0,98.63,2,20.9807467,105.796265,
2026-09-10T08:25:22.621587+00:00,SU,310,1,1,20.9808533,105.7964167,-25.6,0.21,6,1.1,360,20.0,7,-23.0,9.5,-43.0,43.0,99.32,1,20.9807467,105.796265,19.71
2026-09-10T08:25:26.252394+00:00,DU,207,1,0,20.9810833,105.7966667,25.1,0.62,3,20.2,630,20.0,7,-38.0,9.5,-58.0,58.0,98.639,2,20.9807467,105.796265,
2026-09-10T08:25:27.621576+00:00,SU,311,1,1,20.980855,105.79642,-25.3,0.03,5,1.5,360,20.0,7,-22.0,10.0,-42.0,42.0,99.324,1,20.9807467,105.796265,19.71
2026-09-10T08:25:31.277315+00:00,DU,208,1,0,20.981085,105.7966983,24.6,0.45,3,20.2,650,20.0,7,-39.0,9.5,-59.0,59.0,98.649,2,20.9807467,105.796265,
2026-09-10T08:25:32.621033+00:00,SU,312,1,1,20.9808583,105.7964267,-25.2,0.04,5,1.5,360,20.0,7,-22.0,10.0,-42.0,42.0,99.329,1,20.9807467,105.796265,20.1
2026-09-10T08:25:36.302290+00:00,DU,209,1,0,20.9810917,105.79673,24.2,0.54,3,20.2,680,20.0,7,-38.0,9.3,-58.0,58.0,98.658,2,20.9807467,105.796265,
2026-09-10T08:25:37.622906+00:00,SU,313,1,1,20.9808567,105.796425,-25.5,0.02,5,1.5,350,20.0,7,-23.0,10.0,-43.0,43.0,99.333,1,20.9807467,105.796265,20.63
2026-09-10T08:25:41.326605+00:00,DU,210,1,0,20.981135,105.7968567,23.2,1.14,3,20.2,700,20.0,7,-37.0,9.8,-57.0,57.0,98.667,2,20.9807467,105.796265,
2026-09-10T08:25:42.621471+00:00,SU,314,1,1,20.98085,105.7964117,-26.3,0.01,6,1.1,360,20.0,7,-22.0,10.0,-42.0,42.0,99.338,1,20.9807467,105.796265,20.63
2026-09-10T08:25:46.351534+00:00,DU,211,1,0,20.9811867,105.7970183,22.1,1.67,3,20.2,730,20.0,7,-38.0,10.5,-58.0,58.0,98.675,2,20.9807467,105.796265,
2026-09-10T08:25:47.621518+00:00,SU,315,1,1,20.9808517,105.7964117,-26.1,0.03,6,1.1,360,20.0,7,-22.0,9.8,-42.0,42.0,99.342,1,20.9807467,105.796265,19.19
2026-09-10T08:25:51.377763+00:00,DU,212,1,0,20.981205,105.7971233,21.5,1.69,3,20.2,750,20.0,7,-39.0,9.3,-59.0,59.0,98.684,2,20.9807467,105.796265,
2026-09-10T08:25:52.621789+00:00,SU,316,1,1,20.9808533,105.7964183,-25.0,0.01,6,1.1,360,20.0,7,-22.0,10.0,-42.0,42.0,99.346,1,20.9807467,105.796265,19.19
2026-09-10T08:25:56.403094+00:00,DU,213,1,0,20.9812033,105.797195,21.1,1.48,3,20.2,780,20.0,7,-38.0,10.0,-58.0,58.0,98.693,2,20.9807467,105.796265,
2026-09-10T08:25:57.620949+00:00,SU,317,1,1,20.9808583,105.7964267,-24.5,0.16,6,1.1,360,20.0,7,-22.0,10.0,-42.0,42.0,99.351,1,20.9807467,105.796265,19.84
2026-09-10T08:26:01.427492+00:00,DU,214,1,0,20.9812117,105.79725,21.0,1.31,3,20.2,810,20.0,7,-38.0,10.0,-58.0,58.0,98.701,2,20.9807467,105.796265,
2026-09-10T08:26:02.621492+00:00,SU,318,1,1,20.9808667,105.79644,-24.9,0.12,6,1.1,360,20.0,7,-22.0,9.8,-42.0,42.0,99.355,1,20.9807467,105.796265,20.88
2026-09-10T08:26:06.453381+00:00,DU,215,1,0,20.9812783,105.797425,20.7,1.83,3,20.2,830,20.0,7,-39.0,9.5,-59.0,59.0,98.71,2,20.9807467,105.796265,
2026-09-10T08:26:07.621226+00:00,SU,319,1,1,20.9808667,105.7964417,-25.2,0.03,6,1.1,350,20.0,7,-22.0,9.8,-42.0,42.0,99.359,1,20.9807467,105.796265,22.54
2026-09-10T08:26:11.479072+00:00,DU,216,1,0,20.9812733,105.797355,21.0,1.12,3,20.3,860,20.0,7,-38.0,9.5,-58.0,58.0,98.718,2,20.9807467,105.796265,
2026-09-10T08:26:12.620906+00:00,SU,320,1,1,20.98087,105.7964467,-25.6,0.04,6,1.1,360,20.0,7,-22.0,10.0,-42.0,42.0,99.363,1,20.9807467,105.796265,22.68
2026-09-10T08:26:16.504907+00:00,DU,217,1,0,20.9812733,105.797345,21.3,0.93,3,20.3,20,20.0,7,-38.0,9.5,-58.0,58.0,98.726,2,20.9807467,105.796265,
2026-09-10T08:26:17.621654+00:00,SU,321,1,1,20.980875,105.7964533,-25.9,0.09,6,1.1,350,20.0,7,-22.0,9.8,-42.0,42.0,99.367,1,20.9807467,105.796265,23.32
2026-09-10T08:26:21.529572+00:00,DU,218,1,0,20.9812567,105.7973917,21.4,1.51,3,20.3,40,20.0,7,-38.0,9.8,-58.0,58.0,98.734,2,20.9807467,105.796265,
2026-09-10T08:26:22.621651+00:00,SU,322,1,1,20.9808767,105.796455,-25.8,0.03,6,1.1,350,20.0,7,-23.0,9.8,-43.0,43.0,99.371,1,20.9807467,105.796265,24.2
2026-09-10T08:26:26.555437+00:00,DU,219,1,0,20.9811383,105.7971683,21.6,0.17,3,20.3,70,20.0,7,-38.0,10.0,-58.0,58.0,98.742,2,20.9807467,105.796265,
2026-09-10T08:26:27.621561+00:00,SU,323,1,1,20.9808783,105.796455,-26.5,0.12,6,1.1,350,20.0,7,-22.0,9.8,-42.0,42.0,99.375,1,20.9807467,105.796265,24.46
2026-09-10T08:26:31.580398+00:00,DU,220,1,0,20.9810217,105.79697,21.8,0.41,3,20.3,90,20.0,7,-39.0,9.3,-59.0,59.0,98.75,2,20.9807467,105.796265,
2026-09-10T08:26:32.621098+00:00,SU,324,1,1,20.9808767,105.79645,-27.5,0.04,6,1.1,360,20.0,7,-22.0,10.3,-42.0,42.0,99.379,1,20.9807467,105.796265,24.46
2026-09-10T08:26:36.605621+00:00,DU,221,1,0,20.9809567,105.7968617,21.9,0.72,3,20.3,120,20.0,7,-38.0,9.5,-58.0,58.0,98.758,2,20.9807467,105.796265,
2026-09-10T08:26:37.620787+00:00,SU,325,1,1,20.98089,105.796475,-26.4,0.2,6,1.1,350,20.0,7,-22.0,9.8,-42.0,42.0,99.383,1,20.9807467,105.796265,24.56
2026-09-10T08:26:41.630444+00:00,DU,222,1,0,20.980935,105.7968233,21.9,0.81,3,20.3,10,20.0,7,-38.0,9.5,-58.0,58.0,98.765,2,20.9807467,105.796265,
2026-09-10T08:26:42.620822+00:00,SU,326,1,1,20.9808967,105.79649,-24.9,0.09,6,1.1,360,20.0,7,-22.0,9.8,-42.0,42.0,99.387,1,20.9807467,105.796265,27.0
2026-09-10T08:26:46.656378+00:00,DU,223,1,0,20.9808683,105.7966517,22.0,1.39,3,20.3,30,20.0,7,-39.0,9.3,-59.0,59.0,98.773,2,20.9807467,105.796265,
2026-09-10T08:26:47.621322+00:00,SU,327,1,1,20.980895,105.7964867,-25.0,0.0,6,1.1,350,20.0,7,-22.0,10.0,-42.0,42.0,99.39,1,20.9807467,105.796265,28.31
2026-09-10T08:26:51.681346+00:00,DU,224,1,0,20.9808133,105.7964733,22.1,1.5,3,20.3,60,20.0,7,-38.0,10.3,-58.0,58.0,98.78,2,20.9807467,105.796265,
2026-09-10T08:26:52.621279+00:00,SU,328,1,1,20.9808967,105.7964883,-24.7,0.0,6,1.1,350,20.0,7,-22.0,10.3,-42.0,42.0,99.394,1,20.9807467,105.796265,28.56
2026-09-10T08:26:56.705090+00:00,DU,225,1,0,20.980725,105.796245,22.1,2.28,3,20.3,80,20.0,7,-40.0,9.3,-60.0,60.0,98.788,2,20.9807467,105.796265,
2026-09-10T08:26:57.620886+00:00,SU,329,1,1,20.9808983,105.7964933,-24.0,0.04,6,1.1,350,20.0,7,-22.0,9.5,-42.0,42.0,99.398,1,20.9807467,105.796265,28.56
2026-09-10T08:27:01.731938+00:00,DU,226,1,0,20.9806183,105.7959583,22.2,3.14,3,20.4,110,20.0,7,-39.0,10.0,-59.0,59.0,98.795,2,20.9807467,105.796265,
2026-09-10T08:27:02.620236+00:00,SU,330,1,1,20.9808967,105.7964933,-23.0,0.02,6,1.1,350,20.0,7,-22.0,10.0,-42.0,42.0,99.401,1,20.9807467,105.796265,28.98
2026-09-10T08:27:06.756376+00:00,DU,227,1,0,20.9805467,105.7957383,22.2,3.43,3,20.4,130,20.0,7,-38.0,10.0,-58.0,58.0,98.802,2,20.9807467,105.796265,
2026-09-10T08:27:07.620998+00:00,SU,331,1,1,20.980895,105.79649,-22.9,0.0,6,1.1,350,20.0,7,-22.0,9.8,-42.0,42.0,99.405,1,20.9807467,105.796265,28.98
2026-09-10T08:27:11.779718+00:00,DU,228,1,0,20.9805117,105.795625,22.2,3.08,3,20.4,150,20.0,7,-39.0,9.8,-59.0,59.0,98.81,2,20.9807467,105.796265,
2026-09-10T08:27:12.621252+00:00,SU,332,1,1,20.9808917,105.7964833,-22.3,0.01,6,1.1,350,20.0,7,-22.0,10.3,-42.0,42.0,99.408,1,20.9807467,105.796265,28.59
2026-09-10T08:27:16.804513+00:00,DU,229,1,0,20.9804967,105.7955683,22.2,2.56,3,20.4,180,20.0,7,-36.0,9.3,-56.0,56.0,98.817,2,20.9807467,105.796265,
2026-09-10T08:27:17.621247+00:00,SU,333,1,1,20.9808917,105.7964883,-21.3,0.07,5,1.3,360,20.0,7,-22.0,9.8,-42.0,42.0,99.412,1,20.9807467,105.796265,28.24
2026-09-10T08:27:21.829389+00:00,DU,230,1,0,20.980525,105.795605,22.1,1.8,3,20.4,210,20.0,7,-38.0,10.0,-58.0,58.0,98.824,2,20.9807467,105.796265,
2026-09-10T08:27:22.621160+00:00,SU,334,1,1,20.98089,105.796485,-20.2,0.06,6,1.1,350,20.0,7,-22.0,10.0,-42.0,42.0,99.415,1,20.9807467,105.796265,27.96
2026-09-10T08:27:26.854929+00:00,DU,231,1,0,20.980575,105.7957217,22.0,1.01,3,20.4,230,20.0,7,-39.0,9.3,-59.0,59.0,98.83,2,20.9807467,105.796265,
2026-09-10T08:27:27.620346+00:00,SU,335,1,1,20.9808833,105.7964767,-19.2,0.01,6,1.1,350,20.0,7,-23.0,9.8,-43.0,43.0,99.419,1,20.9807467,105.796265,27.85
2026-09-10T08:27:31.879827+00:00,DU,232,1,0,20.9805867,105.7957383,22.0,1.11,3,20.4,260,20.0,7,-39.0,9.8,-59.0,59.0,98.837,2,20.9807467,105.796265,
2026-09-10T08:27:32.620726+00:00,SU,336,1,1,20.980885,105.79648,-18.6,0.12,6,1.1,360,20.0,7,-22.0,9.8,-42.0,42.0,99.422,1,20.9807467,105.796265,27.11
2026-09-10T08:27:36.904524+00:00,DU,233,1,0,20.980675,105.79596,22.0,0.29,3,20.4,280,20.0,7,-39.0,9.8,-59.0,59.0,98.844,2,20.9807467,105.796265,
2026-09-10T08:27:37.620619+00:00,SU,337,1,1,20.98088,105.7964733,-17.9,0.02,6,1.1,350,20.0,7,-22.0,10.0,-42.0,42.0,99.425,1,20.9807467,105.796265,26.72
2026-09-10T08:27:41.929301+00:00,DU,234,1,0,20.9807233,105.7960867,22.0,0.23,3,20.4,310,20.0,7,-39.0,10.0,-59.0,59.0,98.851,2,20.9807467,105.796265,
2026-09-10T08:27:42.620066+00:00,SU,338,1,1,20.9808683,105.7964533,-16.8,0.02,6,1.1,350,20.0,7,-22.0,9.8,-42.0,42.0,99.429,1,20.9807467,105.796265,26.22
2026-09-10T08:27:46.955414+00:00,DU,235,1,0,20.9807083,105.7960533,22.0,0.15,3,20.5,340,20.0,7,-38.0,9.5,-58.0,58.0,98.857,2,20.9807467,105.796265,
2026-09-10T08:27:47.620286+00:00,SU,339,1,1,20.9808583,105.7964367,-16.3,0.1,5,1.5,350,20.0,7,-23.0,9.5,-43.0,43.0,99.432,1,20.9807467,105.796265,23.77
2026-09-10T08:27:51.979798+00:00,DU,236,1,0,20.9807267,105.7961183,22.0,0.13,3,20.5,360,20.0,7,-40.0,9.5,-60.0,60.0,98.864,2,20.9807467,105.796265,
2026-09-10T08:27:52.620765+00:00,SU,340,1,1,20.9808467,105.79641,-16.7,0.08,6,1.1,350,20.0,7,-23.0,9.5,-43.0,43.0,99.435,1,20.9807467,105.796265,21.72
2026-09-10T08:27:57.005547+00:00,DU,237,1,0,20.9807967,105.7963167,21.9,0.87,3,20.5,390,20.0,7,-39.0,9.5,-59.0,59.0,98.87,2,20.9807467,105.796265,
2026-09-10T08:27:57.620480+00:00,SU,341,1,1,20.9808467,105.796405,-17.7,0.19,6,1.1,350,20.0,7,-23.0,9.3,-43.0,43.0,99.438,1,20.9807467,105.796265,18.72
2026-09-10T08:28:02.029225+00:00,DU,238,1,0,20.980905,105.7966267,21.9,1.05,3,20.5,410,20.0,7,-38.0,10.3,-58.0,58.0,98.876,2,20.9807467,105.796265,
2026-09-10T08:28:02.620403+00:00,SU,342,1,1,20.980855,105.796415,-18.2,0.04,5,1.5,350,20.0,7,-23.0,9.3,-43.0,43.0,99.441,1,20.9807467,105.796265,18.72
2026-09-10T08:28:07.054061+00:00,DU,239,1,0,20.980985,105.7968517,21.9,1.2,3,20.5,430,20.0,7,-39.0,9.5,-59.0,59.0,98.883,2,20.9807467,105.796265,
2026-09-10T08:28:07.619847+00:00,SU,343,1,1,20.980855,105.796405,-19.0,0.06,5,1.5,350,20.0,7,-23.0,9.8,-43.0,43.0,99.444,1,20.9807467,105.796265,18.88
2026-09-10T08:28:12.079468+00:00,DU,240,1,0,20.9810583,105.79705,21.9,1.48,3,20.5,460,20.0,7,-40.0,9.5,-60.0,60.0,98.889,2,20.9807467,105.796265,
2026-09-10T08:28:12.619928+00:00,SU,344,1,1,20.9808533,105.796405,-19.0,0.0,6,1.1,350,20.0,7,-23.0,9.8,-43.0,43.0,99.448,1,20.9807467,105.796265,18.88
2026-09-10T08:28:17.104594+00:00,DU,241,1,0,20.9810683,105.79709,21.9,1.53,3,20.5,490,20.0,7,-38.0,9.8,-58.0,58.0,98.895,2,20.9807467,105.796265,
2026-09-10T08:28:17.620175+00:00,SU,345,1,1,20.9808367,105.7963667,-19.7,0.02,6,1.1,350,20.0,7,-23.0,9.8,-43.0,43.0,99.451,1,20.9807467,105.796265,18.76
2026-09-10T08:28:22.129315+00:00,DU,242,1,0,20.981105,105.7971917,21.8,1.86,3,20.5,510,20.0,7,-38.0,10.0,-58.0,58.0,98.901,2,20.9807467,105.796265,
2026-09-10T08:28:22.619921+00:00,SU,346,1,1,20.9808267,105.79635,-19.1,0.02,5,1.2,360,20.0,7,-23.0,10.0,-43.0,43.0,99.454,1,20.9807467,105.796265,14.55
2026-09-10T08:28:27.153995+00:00,DU,243,1,0,20.98108,105.7971167,21.9,1.15,3,20.6,540,20.0,7,-38.0,9.8,-58.0,58.0,98.907,2,20.9807467,105.796265,
2026-09-10T08:28:27.620769+00:00,SU,347,1,1,20.9808117,105.796315,-19.4,0.01,6,1.1,350,20.0,7,-23.0,9.3,-43.0,43.0,99.457,1,20.9807467,105.796265,12.53
2026-09-10T08:28:32.178429+00:00,DU,244,1,0,20.9810717,105.797085,21.9,1.0,3,20.6,560,20.0,7,-38.0,10.0,-58.0,58.0,98.913,2,20.9807467,105.796265,
2026-09-10T08:28:32.619675+00:00,SU,348,1,1,20.9807967,105.7962867,-19.0,0.02,6,1.1,350,20.0,7,-23.0,9.8,-43.0,43.0,99.459,1,20.9807467,105.796265,8.9
2026-09-10T08:28:37.204633+00:00,DU,245,1,0,20.9811117,105.7971967,21.9,0.88,3,20.6,590,20.0,7,-39.0,9.8,-59.0,59.0,98.919,2,20.9807467,105.796265,
2026-09-10T08:28:37.620256+00:00,SU,349,1,1,20.9807683,105.7962367,-17.4,0.02,6,1.1,350,20.0,7,-23.0,9.3,-43.0,43.0,99.462,1,20.9807467,105.796265,6.0
2026-09-10T08:28:42.228882+00:00,DU,246,1,0,20.9811967,105.797425,21.8,1.22,3,20.6,610,20.0,7,-39.0,9.5,-59.0,59.0,98.925,2,20.9807467,105.796265,
2026-09-10T08:28:42.619802+00:00,SU,350,1,1,20.98076,105.7962233,-17.1,0.0,6,1.1,350,20.0,7,-23.0,10.3,-43.0,43.0,99.465,1,20.9807467,105.796265,3.79
2026-09-10T08:28:47.253585+00:00,DU,247,1,0,20.9812583,105.7975867,21.8,1.4,3,20.6,640,20.0,7,-40.0,9.0,-60.0,60.0,98.93,2,20.9807467,105.796265,
2026-09-10T08:28:47.620048+00:00,SU,351,1,1,20.98076,105.7962233,-17.1,0.0,6,1.1,350,20.0,7,-23.0,9.3,-43.0,43.0,99.468,1,20.9807467,105.796265,4.58
2026-09-10T08:28:52.278589+00:00,DU,248,1,0,20.9812967,105.79769,21.8,1.21,3,20.6,650,20.0,7,-38.0,10.0,-58.0,58.0,98.936,2,20.9807467,105.796265,
2026-09-10T08:28:52.619519+00:00,SU,352,1,1,20.98076,105.7962233,-17.1,0.0,6,1.1,350,20.0,7,-23.0,9.5,-43.0,43.0,99.471,1,20.9807467,105.796265,4.58
2026-09-10T08:28:57.304922+00:00,DU,249,1,0,20.9813167,105.7977467,21.9,1.05,3,20.6,680,20.0,7,-40.0,9.5,-60.0,60.0,98.942,2,20.9807467,105.796265,
2026-09-10T08:28:57.619422+00:00,SU,353,1,1,20.9807633,105.7962267,-17.3,0.04,6,1.1,350,20.0,7,-23.0,9.5,-43.0,43.0,99.474,1,20.9807467,105.796265,4.58
2026-09-10T08:29:02.329227+00:00,DU,250,1,0,20.9813283,105.7977783,21.9,0.91,3,20.7,710,20.0,7,-39.0,9.5,-59.0,59.0,98.947,2,20.9807467,105.796265,
2026-09-10T08:29:02.620176+00:00,SU,354,1,1,20.980765,105.7962183,-18.5,0.11,6,1.1,350,20.0,7,-23.0,9.3,-43.0,43.0,99.476,1,20.9807467,105.796265,4.71
2026-09-10T08:29:07.354093+00:00,DU,251,1,0,20.9813167,105.7977533,21.9,0.43,3,20.7,740,20.0,7,-38.0,9.8,-58.0,58.0,98.953,2,20.9807467,105.796265,
2026-09-10T08:29:07.619969+00:00,SU,355,1,1,20.9807533,105.79619,-18.3,0.0,6,1.1,350,20.0,7,-23.0,10.0,-43.0,43.0,99.479,1,20.9807467,105.796265,5.19
2026-09-10T08:29:12.378395+00:00,DU,252,1,0,20.9813067,105.7977283,21.9,0.16,3,20.7,760,20.0,7,-38.0,9.8,-58.0,58.0,98.958,2,20.9807467,105.796265,
2026-09-10T08:29:12.619197+00:00,SU,356,1,1,20.9807517,105.7961883,-18.2,0.0,6,1.1,350,20.0,7,-23.0,10.3,-43.0,43.0,99.482,1,20.9807467,105.796265,7.82
2026-09-10T08:29:17.405055+00:00,DU,253,1,0,20.9812983,105.797705,21.9,0.03,3,20.7,790,20.0,7,-38.0,9.8,-58.0,58.0,98.964,2,20.9807467,105.796265,
2026-09-10T08:29:17.619229+00:00,SU,357,1,1,20.980755,105.79618,-19.2,0.11,6,1.1,350,20.0,7,-23.0,10.0,-43.0,43.0,99.485,1,20.9807467,105.796265,8.0
2026-09-10T08:29:22.430111+00:00,DU,254,1,0,20.9812867,105.7976667,21.9,0.25,3,20.7,810,20.0,7,-38.0,9.8,-58.0,58.0,98.969,2,20.9807467,105.796265,
2026-09-10T08:29:22.619966+00:00,SU,358,1,1,20.9807533,105.7961583,-20.7,0.07,6,1.1,350,20.0,7,-22.0,10.5,-42.0,42.0,99.487,1,20.9807467,105.796265,8.86
2026-09-10T08:29:27.455072+00:00,DU,255,1,0,20.9812733,105.79763,22.0,0.41,3,20.7,830,20.0,7,-39.0,9.5,-59.0,59.0,98.974,2,20.9807467,105.796265,
2026-09-10T08:29:27.619470+00:00,SU,359,1,1,20.9807467,105.796135,-20.5,0.0,6,1.1,350,20.0,7,-22.0,9.5,-42.0,42.0,99.49,1,20.9807467,105.796265,11.1
2026-09-10T08:29:32.480190+00:00,DU,256,1,0,20.981265,105.7976,22.0,0.29,3,20.8,860,20.0,7,-38.0,10.0,-58.0,58.0,98.98,2,20.9807467,105.796265,
2026-09-10T08:29:32.619160+00:00,SU,360,1,1,20.9807467,105.796135,-20.5,0.0,6,1.1,350,20.0,7,-22.0,10.3,-42.0,42.0,99.492,1,20.9807467,105.796265,13.5
2026-09-10T08:29:37.504879+00:00,DU,257,1,0,20.9812917,105.7976833,21.9,0.22,3,20.8,20,20.0,7,-38.0,10.0,-58.0,58.0,98.985,2,20.9807467,105.796265,
2026-09-10T08:29:37.619108+00:00,SU,361,1,1,20.9807467,105.7961333,-20.5,0.0,6,1.1,350,20.0,7,-23.0,10.0,-43.0,43.0,99.495,1,20.9807467,105.796265,13.5
2026-09-10T08:29:42.531123+00:00,DU,258,1,0,20.9812917,105.7976833,21.9,0.13,3,20.8,40,20.0,7,-39.0,9.5,-59.0,59.0,98.99,2,20.9807467,105.796265,
2026-09-10T08:29:42.618612+00:00,SU,362,1,1,20.9807467,105.7961333,-20.5,0.0,6,1.1,350,20.0,7,-23.0,9.8,-43.0,43.0,99.497,1,20.9807467,105.796265,13.67
2026-09-10T08:29:47.556694+00:00,DU,259,1,0,20.9813683,105.79789,21.9,1.1,3,20.8,70,20.0,7,-38.0,9.8,-58.0,58.0,98.995,2,20.9807467,105.796265,
2026-09-10T08:29:47.619718+00:00,SU,363,1,1,20.98076,105.796155,-20.6,0.34,6,1.1,350,20.0,7,-23.0,9.8,-43.0,43.0,99.5,1,20.9807467,105.796265,13.67
2026-09-10T08:29:52.582183+00:00,DU,260,1,0,20.98142,105.7980333,21.8,1.2,3,20.8,90,20.0,7,-38.0,9.8,-58.0,58.0,99.0,2,20.9807467,105.796265,
2026-09-10T08:29:52.619075+00:00,SU,364,1,1,20.9807733,105.7961667,-20.9,0.06,6,1.1,350,20.0,7,-23.0,10.8,-43.0,43.0,99.502,1,20.9807467,105.796265,11.52
2026-09-10T08:30:02.618863+00:00,SU,366,1,1,20.9807717,105.7961533,-20.6,0.0,6,1.1,350,20.0,7,-23.0,9.0,-43.0,43.0,99.015,2,20.9807467,105.796265,11.75
2026-09-10T08:30:07.619301+00:00,SU,367,1,1,20.9807817,105.79616,-19.3,0.03,5,1.5,350,20.0,7,-23.0,9.0,-43.0,43.0,99.02,2,20.9807467,105.796265,11.3
2026-09-10T08:30:07.659606+00:00,DU,263,1,0,20.9814633,105.79813,21.7,0.25,3,20.9,170,20.0,7,-38.0,10.0,-58.0,58.0,98.03,4,20.9807467,105.796265,
2026-09-10T08:30:12.619466+00:00,SU,368,1,1,20.980795,105.7961783,-18.0,0.1,5,1.5,350,20.0,7,-23.0,9.8,-43.0,43.0,99.024,2,20.9807467,105.796265,11.58
2026-09-10T08:30:12.685124+00:00,DU,264,1,0,20.9815017,105.7982,21.5,0.56,3,20.9,200,20.0,7,-38.0,10.0,-58.0,58.0,98.039,4,20.9807467,105.796265,
2026-09-10T08:30:17.619254+00:00,SU,369,1,1,20.98081,105.7961917,-15.4,0.02,5,1.5,350,20.0,7,-22.0,9.8,-42.0,42.0,99.029,2,20.9807467,105.796265,10.48
2026-09-10T08:30:17.708722+00:00,DU,265,1,0,20.9815033,105.7982133,21.5,0.48,3,20.9,230,20.0,7,-39.0,9.5,-59.0,59.0,98.049,4,20.9807467,105.796265,
2026-09-10T08:30:22.618494+00:00,SU,370,1,1,20.9808283,105.796165,-9.9,0.11,5,1.5,360,20.0,7,-24.0,9.5,-44.0,44.0,99.034,2,20.9807467,105.796265,11.43
2026-09-10T08:30:22.733598+00:00,DU,266,1,0,20.9815117,105.7982167,21.5,0.54,3,20.9,250,20.0,7,-39.0,10.0,-59.0,59.0,98.058,4,20.9807467,105.796265,
2026-09-10T08:30:27.618611+00:00,SU,371,1,1,20.9808383,105.7961367,-4.5,0.13,5,1.1,360,20.0,7,-23.0,9.8,-43.0,43.0,99.038,2,20.9807467,105.796265,13.79
2026-09-10T08:30:27.759196+00:00,DU,267,1,0,20.9815183,105.798215,21.4,0.63,3,21.0,270,20.0,7,-38.0,9.8,-58.0,58.0,98.068,4,20.9807467,105.796265,
2026-09-10T08:30:32.619433+00:00,SU,372,1,0,20.9808417,105.7961117,-1.8,0.01,4,1.5,360,20.0,7,-23.0,9.8,-43.0,43.0,99.043,2,20.9807467,105.796265,
2026-09-10T08:30:32.785015+00:00,DU,268,1,0,20.9815367,105.7982,21.2,0.56,3,21.0,300,20.0,7,-39.0,9.8,-59.0,59.0,98.077,4,20.9807467,105.796265,
2026-09-10T08:30:37.618920+00:00,SU,373,1,1,20.9808467,105.796105,0.4,0.07,6,1.1,360,20.0,7,-23.0,9.3,-43.0,43.0,99.048,2,20.9807467,105.796265,
2026-09-10T08:30:37.810243+00:00,DU,269,1,0,20.9815333,105.7981683,21.2,0.2,3,21.0,320,20.0,7,-38.0,10.0,-58.0,58.0,98.086,4,20.9807467,105.796265,
2026-09-10T08:30:42.618554+00:00,SU,374,1,1,20.9808433,105.79609,1.7,0.1,5,1.5,360,20.0,7,-23.0,9.5,-43.0,43.0,99.052,2,20.9807467,105.796265,
2026-09-10T08:30:42.834689+00:00,DU,270,1,0,20.9815383,105.7981517,21.2,0.22,3,21.0,350,20.0,7,-38.0,10.0,-58.0,58.0,98.095,4,20.9807467,105.796265,
2026-09-10T08:30:47.618568+00:00,SU,375,1,1,20.9808433,105.796085,2.7,0.06,5,1.5,360,20.0,7,-23.0,9.8,-43.0,43.0,99.057,2,20.9807467,105.796265,21.11
2026-09-10T08:30:47.859392+00:00,DU,271,1,0,20.9815283,105.7980983,21.2,0.28,3,21.0,20,20.0,7,-39.0,9.5,-59.0,59.0,98.104,4,20.9807467,105.796265,
2026-09-10T08:30:52.619157+00:00,SU,376,1,1,20.980845,105.796085,3.6,0.07,6,1.1,360,20.0,7,-23.0,9.5,-43.0,43.0,99.061,2,20.9807467,105.796265,21.56
2026-09-10T08:30:52.883865+00:00,DU,272,1,0,20.98149,105.7979683,21.2,0.13,3,21.1,40,20.0,7,-38.0,9.5,-58.0,58.0,98.113,4,20.9807467,105.796265,
2026-09-10T08:30:57.618655+00:00,SU,377,1,1,20.9808617,105.7961183,6.0,0.05,6,1.1,360,20.0,7,-23.0,9.5,-43.0,43.0,99.065,2,20.9807467,105.796265,21.65
2026-09-10T08:30:57.909989+00:00,DU,273,1,0,20.9814483,105.7978483,21.2,0.58,3,21.1,70,20.0,7,-38.0,10.0,-58.0,58.0,98.122,4,20.9807467,105.796265,
2026-09-10T08:31:02.618935+00:00,SU,378,1,1,20.980885,105.7961717,9.4,0.09,5,1.5,360,20.0,7,-23.0,10.0,-43.0,43.0,99.07,2,20.9807467,105.796265,19.89
2026-09-10T08:31:02.934536+00:00,DU,274,1,0,20.98138,105.7976817,21.2,1.44,3,21.1,90,20.0,7,-37.0,9.8,-57.0,57.0,98.131,4,20.9807467,105.796265,
2026-09-10T08:31:07.618561+00:00,SU,379,1,1,20.9808767,105.79616,8.8,0.05,6,1.1,360,20.0,7,-24.0,9.5,-44.0,44.0,99.074,2,20.9807467,105.796265,18.11
2026-09-10T08:31:07.959418+00:00,DU,275,1,0,20.981345,105.7976067,21.2,1.36,3,21.1,120,20.0,7,-38.0,9.5,-58.0,58.0,98.14,4,20.9807467,105.796265,
2026-09-10T08:31:12.617936+00:00,SU,380,1,1,20.9808717,105.7961567,8.1,0.0,6,1.1,360,20.0,7,-23.0,9.5,-43.0,43.0,99.078,2,20.9807467,105.796265,18.11
2026-09-10T08:31:12.983803+00:00,DU,276,1,0,20.9813333,105.7976233,21.3,1.08,3,21.1,140,20.0,7,-40.0,9.3,-60.0,60.0,98.148,4,20.9807467,105.796265,
2026-09-10T08:31:17.618690+00:00,SU,381,1,1,20.9808717,105.7961567,8.1,0.0,6,1.1,360,20.0,7,-24.0,9.3,-44.0,44.0,99.083,2,20.9807467,105.796265,17.88
2026-09-10T08:31:18.009577+00:00,DU,277,1,0,20.98133,105.797635,21.4,1.13,3,21.2,160,20.0,7,-38.0,10.5,-58.0,58.0,98.157,4,20.9807467,105.796265,
2026-09-10T08:31:22.618652+00:00,SU,382,1,1,20.9808717,105.796165,7.7,0.03,6,1.1,360,20.0,7,-24.0,10.0,-44.0,44.0,99.087,2,20.9807467,105.796265,17.88
2026-09-10T08:31:23.034587+00:00,DU,278,1,0,20.9813233,105.7976467,21.5,0.68,3,21.2,190,20.0,7,-39.0,9.5,-59.0,59.0,98.165,4,20.9807467,105.796265,
2026-09-10T08:31:27.618045+00:00,SU,383,1,1,20.9808617,105.7961767,6.0,0.14,6,1.1,360,20.0,7,-24.0,9.8,-44.0,44.0,99.091,2,20.9807467,105.796265,17.35
2026-09-10T08:31:28.059490+00:00,DU,279,1,0,20.98132,105.797625,21.5,0.61,3,21.2,210,20.0,7,-38.0,9.5,-58.0,58.0,98.174,4,20.9807467,105.796265,
2026-09-10T08:31:32.618210+00:00,SU,384,1,1,20.9808617,105.7961983,5.3,0.02,5,1.1,360,20.0,7,-24.0,10.0,-44.0,44.0,99.095,2,20.9807467,105.796265,15.73
2026-09-10T08:31:33.083657+00:00,DU,280,1,0,20.9813133,105.7976083,21.5,0.42,3,21.2,240,20.0,7,-39.0,9.5,-59.0,59.0,98.182,4,20.9807467,105.796265,
2026-09-10T08:31:37.618609+00:00,SU,385,1,1,20.9808583,105.7962067,4.2,0.03,6,1.1,360,20.0,7,-23.0,9.3,-43.0,43.0,99.099,2,20.9807467,105.796265,14.54
2026-09-10T08:31:38.108649+00:00,DU,281,1,0,20.9813,105.79758,21.4,0.51,3,21.3,260,20.0,7,-39.0,9.0,-59.0,59.0,98.19,4,20.9807467,105.796265,
2026-09-10T08:31:42.618405+00:00,SU,386,1,1,20.9808517,105.7962033,3.0,0.07,6,1.1,360,20.0,7,-24.0,10.0,-44.0,44.0,99.103,2,20.9807467,105.796265,13.97
2026-09-10T08:31:43.134646+00:00,DU,282,1,0,20.9813483,105.7976867,21.4,0.2,3,21.3,290,20.0,7,-38.0,9.8,-58.0,58.0,98.198,4,20.9807467,105.796265,
2026-09-10T08:31:47.618382+00:00,SU,387,1,1,20.98085,105.7962083,1.7,0.06,6,1.1,360,20.0,7,-24.0,9.0,-44.0,44.0,99.107,2,20.9807467,105.796265,13.15
2026-09-10T08:31:48.159449+00:00,DU,283,1,0,20.981375,105.7977717,21.5,0.21,3,21.3,310,20.0,7,-38.0,10.0,-58.0,58.0,98.206,4,20.9807467,105.796265,
2026-09-10T08:31:52.618190+00:00,SU,388,1,1,20.98085,105.7962183,2.1,0.1,6,1.1,360,20.0,7,-24.0,10.0,-44.0,44.0,99.111,2,20.9807467,105.796265,12.91
2026-09-10T08:31:53.184036+00:00,DU,284,1,0,20.9814683,105.7980933,21.7,1.22,3,21.3,340,20.0,7,-38.0,9.5,-58.0,58.0,98.214,4,20.9807467,105.796265,
2026-09-10T08:31:57.617957+00:00,SU,389,1,1,20.980845,105.79621,1.9,0.0,6,1.1,360,20.0,7,-24.0,10.0,-44.0,44.0,99.115,2,20.9807467,105.796265,12.83
2026-09-10T08:31:58.208726+00:00,DU,285,1,0,20.981515,105.7982767,22.0,1.13,3,21.3,360,20.0,7,-37.0,9.5,-57.0,57.0,98.222,4,20.9807467,105.796265,
2026-09-10T08:32:02.618776+00:00,SU,390,1,1,20.980845,105.796215,2.2,0.0,5,1.5,360,20.0,7,-24.0,9.8,-44.0,44.0,99.119,2,20.9807467,105.796265,12.1
2026-09-10T08:32:03.233119+00:00,DU,286,1,0,20.9815217,105.7983417,22.3,0.98,3,21.4,390,20.0,7,-38.0,9.5,-58.0,58.0,98.23,4,20.9807467,105.796265,
2026-09-10T08:32:07.618241+00:00,SU,391,1,1,20.9808533,105.796245,3.4,0.08,5,1.5,360,20.0,7,-23.0,9.3,-43.0,43.0,99.123,2,20.9807467,105.796265,12.1
2026-09-10T08:32:08.258837+00:00,DU,287,1,0,20.9814033,105.7980683,22.6,0.42,3,21.4,420,20.0,7,-38.0,10.3,-58.0,58.0,98.238,4,20.9807467,105.796265,
2026-09-10T08:32:12.618108+00:00,SU,392,1,1,20.9808517,105.7962517,2.9,0.09,6,1.1,360,20.0,7,-23.0,9.8,-43.0,43.0,99.127,2,20.9807467,105.796265,11.86
2026-09-10T08:32:13.283747+00:00,DU,288,1,0,20.9812933,105.7978,22.7,0.92,3,21.4,440,20.0,7,-39.0,9.3,-59.0,59.0,98.246,4,20.9807467,105.796265,
2026-09-10T08:32:17.617580+00:00,SU,393,1,1,20.98085,105.7962583,2.2,0.05,6,1.1,360,20.0,7,-23.0,9.3,-43.0,43.0,99.13,2,20.9807467,105.796265,11.76
2026-09-10T08:32:18.308460+00:00,DU,289,1,0,20.9811533,105.797435,22.7,1.96,3,21.4,470,20.0,7,-38.0,10.0,-58.0,58.0,98.253,4,20.9807467,105.796265,
2026-09-10T08:32:22.617043+00:00,SU,394,1,1,20.9808517,105.79627,2.2,0.39,6,1.1,360,20.0,7,-23.0,9.5,-43.0,43.0,99.134,2,20.9807467,105.796265,11.7
2026-09-10T08:32:23.333004+00:00,DU,290,1,0,20.9809983,105.7970367,22.8,2.71,3,21.5,490,20.0,7,-38.0,10.0,-58.0,58.0,98.261,4,20.9807467,105.796265,
2026-09-10T08:32:27.618064+00:00,SU,395,1,1,20.9808533,105.79628,2.7,0.03,6,1.1,360,20.0,7,-23.0,9.5,-43.0,43.0,99.138,2,20.9807467,105.796265,11.69
2026-09-10T08:32:28.358784+00:00,DU,291,1,0,20.9808583,105.7966617,22.7,3.65,3,21.5,520,20.0,7,-37.0,9.5,-57.0,57.0,98.268,4,20.9807467,105.796265,
2026-09-10T08:32:32.617723+00:00,SU,396,1,1,20.9808567,105.796295,2.9,0.17,6,1.1,360,20.0,7,-23.0,10.0,-43.0,43.0,99.142,2,20.9807467,105.796265,11.96
2026-09-10T08:32:33.384586+00:00,DU,292,1,0,20.9807383,105.7962967,22.5,4.21,3,21.5,530,20.0,7,-38.0,9.3,-58.0,58.0,98.276,4,20.9807467,105.796265,
2026-09-10T08:32:37.617218+00:00,SU,397,1,1,20.9808667,105.79632,3.5,0.03,5,1.5,360,20.0,7,-23.0,9.8,-43.0,43.0,99.145,2,20.9807467,105.796265,12.62
2026-09-10T08:32:38.409546+00:00,DU,293,1,0,20.9806033,105.7959017,22.4,4.39,3,21.6,560,20.0,7,-38.0,9.5,-58.0,58.0,98.283,4,20.9807467,105.796265,
2026-09-10T08:32:42.617247+00:00,SU,398,1,1,20.980875,105.7963417,3.2,0.02,5,1.5,360,20.0,7,-23.0,10.0,-43.0,43.0,99.149,2,20.9807467,105.796265,14.51
2026-09-10T08:32:43.435007+00:00,DU,294,1,0,20.9805133,105.7956883,22.2,4.51,3,21.6,590,20.0,7,-39.0,9.5,-59.0,59.0,98.291,4,20.9807467,105.796265,
2026-09-10T08:32:47.617737+00:00,SU,399,1,1,20.98087,105.7963317,2.3,0.01,6,1.1,360,20.0,7,-23.0,9.5,-43.0,43.0,99.153,2,20.9807467,105.796265,15.36
2026-09-10T08:32:48.461138+00:00,DU,295,1,0,20.9805183,105.7957267,22.1,3.59,3,21.6,620,20.0,7,-39.0,9.5,-59.0,59.0,98.298,4,20.9807467,105.796265,
2026-09-10T08:32:52.617382+00:00,SU,400,1,1,20.980865,105.796325,2.3,0.0,6,1.1,360,20.0,7,-23.0,9.5,-43.0,43.0,99.156,2,20.9807467,105.796265,15.36
2026-09-10T08:32:53.486916+00:00,DU,296,1,0,20.9806583,105.79605,21.3,0.47,4,4.6,0,20.0,7,-38.0,9.5,-58.0,58.0,98.305,4,20.9807467,105.796265,
2026-09-10T08:32:57.617250+00:00,SU,401,1,1,20.9808583,105.7963117,2.0,0.0,6,1.1,360,20.0,7,-23.0,9.5,-43.0,43.0,99.16,2,20.9807467,105.796265,14.55
2026-09-10T08:32:58.511567+00:00,DU,297,1,0,20.9806833,105.7960683,19.8,0.31,4,4.6,20,20.0,7,-38.0,9.5,-58.0,58.0,98.312,4,20.9807467,105.796265,
2026-09-10T08:33:02.616875+00:00,SU,402,1,1,20.980855,105.7963083,1.9,0.0,6,1.1,360,20.0,7,-22.0,10.0,-42.0,42.0,99.163,2,20.9807467,105.796265,13.32
2026-09-10T08:33:03.536924+00:00,DU,298,1,0,20.980715,105.7961067,18.4,0.43,4,4.6,60,20.0,7,-39.0,9.5,-59.0,59.0,98.319,4,20.9807467,105.796265,
2026-09-10T08:33:07.616920+00:00,SU,403,1,1,20.9808533,105.796305,1.9,0.0,6,1.1,360,20.0,7,-22.0,10.3,-42.0,42.0,99.167,2,20.9807467,105.796265,12.85
2026-09-10T08:33:08.561575+00:00,DU,299,1,0,20.9807517,105.7961533,17.2,0.23,4,4.6,70,20.0,7,-38.0,9.5,-58.0,58.0,98.326,4,20.9807467,105.796265,
2026-09-10T08:33:12.617728+00:00,SU,404,1,1,20.9808517,105.7963017,1.9,0.0,6,1.1,360,20.0,7,-22.0,10.3,-42.0,42.0,99.17,2,20.9807467,105.796265,12.56
2026-09-10T08:33:13.587754+00:00,DU,300,1,0,20.9808133,105.79627,16.7,0.59,4,4.6,110,20.0,7,-38.0,9.5,-58.0,58.0,98.333,4,20.9807467,105.796265,
2026-09-10T08:33:17.617637+00:00,SU,405,1,1,20.9808467,105.7962867,1.4,0.0,6,1.1,360,20.0,7,-22.0,10.0,-42.0,42.0,99.174,2,20.9807467,105.796265,12.28
2026-09-10T08:33:18.613182+00:00,DU,301,1,0,20.980835,105.7963283,16.3,0.25,4,4.6,120,20.0,7,-38.0,9.3,-58.0,58.0,98.34,4,20.9807467,105.796265,
2026-09-10T08:33:22.617214+00:00,SU,406,1,1,20.9808467,105.7962867,1.3,0.0,5,1.5,360,20.0,7,-22.0,10.0,-42.0,42.0,99.177,2,20.9807467,105.796265,11.35
2026-09-10T08:33:23.638551+00:00,DU,302,1,0,20.9808567,105.7963783,16.2,0.07,4,4.6,10,20.0,7,-38.0,9.5,-58.0,58.0,98.347,4,20.9807467,105.796265,
2026-09-10T08:33:27.616554+00:00,SU,407,1,1,20.9808567,105.7963,1.0,0.08,5,1.5,350,20.0,7,-22.0,10.0,-42.0,42.0,99.18,2,20.9807467,105.796265,11.35
2026-09-10T08:33:28.663175+00:00,DU,303,1,0,20.980885,105.79645,16.3,0.34,4,4.6,40,20.0,7,-38.0,9.5,-58.0,58.0,98.354,4,20.9807467,105.796265,
2026-09-10T08:33:32.617547+00:00,SU,408,1,1,20.9808733,105.7963333,2.2,0.04,6,1.1,360,20.0,7,-23.0,9.5,-43.0,43.0,99.184,2,20.9807467,105.796265,12.76
2026-09-10T08:33:33.687330+00:00,DU,304,1,0,20.980895,105.796485,17.4,0.04,4,4.6,60,20.0,7,-38.0,9.8,-58.0,58.0,98.361,4,20.9807467,105.796265,
2026-09-10T08:33:37.617375+00:00,SU,409,1,1,20.98088,105.79634,2.5,0.08,6,1.1,350,20.0,7,-20.0,10.0,-40.0,40.0,99.187,2,20.9807467,105.796265,15.76
2026-09-10T08:33:38.713328+00:00,DU,305,1,0,20.9809217,105.7965667,18.5,0.77,4,4.7,90,20.0,7,-37.0,9.8,-57.0,57.0,98.367,4,20.9807467,105.796265,
2026-09-10T08:33:42.617099+00:00,SU,410,1,1,20.9808883,105.7963483,2.3,0.24,5,1.5,360,20.0,7,-20.0,10.0,-40.0,40.0,99.19,2,20.9807467,105.796265,16.74
2026-09-10T08:33:43.737935+00:00,DU,306,1,0,20.9809333,105.7966033,19.1,0.46,4,4.7,110,20.0,7,-37.0,9.8,-57.0,57.0,98.374,4,20.9807467,105.796265,
2026-09-10T08:33:47.616939+00:00,SU,411,1,1,20.9808917,105.7963383,2.3,0.09,6,1.1,360,20.0,7,-21.0,9.5,-41.0,41.0,99.194,2,20.9807467,105.796265,17.57
2026-09-10T08:33:48.762692+00:00,DU,307,1,0,20.9809283,105.796595,19.3,0.47,4,4.7,140,20.0,7,-53.0,8.8,-73.0,73.0,98.381,4,20.9807467,105.796265,
2026-09-10T08:33:52.616193+00:00,SU,412,1,1,20.98089,105.7963117,2.6,0.26,6,1.1,360,20.0,7,-28.0,10.5,-48.0,48.0,99.197,2,20.9807467,105.796265,17.66
2026-09-10T08:33:53.787293+00:00,DU,308,1,0,20.9809317,105.7965883,20.9,0.47,4,4.7,160,20.0,7,-43.0,9.8,-63.0,63.0,98.387,4,20.9807467,105.796265,
2026-09-10T08:33:57.617979+00:00,SU,413,1,1,20.9809,105.7962733,5.1,0.01,6,1.1,360,20.0,7,-31.0,9.5,-51.0,51.0,99.2,2,20.9807467,105.796265,16.84
2026-09-10T08:33:58.813131+00:00,DU,309,1,0,20.98094,105.7965833,22.7,0.32,4,4.7,190,20.0,7,-42.0,9.3,-62.0,62.0,98.394,4,20.9807467,105.796265,
2026-09-10T08:34:02.617996+00:00,SU,414,1,1,20.980905,105.7962267,10.3,0.01,5,1.3,350,20.0,7,-32.0,9.5,-52.0,52.0,99.203,2,20.9807467,105.796265,17.07
2026-09-10T08:34:03.837607+00:00,DU,310,1,0,20.980935,105.7965567,24.0,0.13,4,4.7,210,20.0,7,-42.0,9.5,-62.0,62.0,98.4,4,20.9807467,105.796265,
2026-09-10T08:34:07.616888+00:00,SU,415,1,1,20.9809183,105.7961967,16.5,0.01,6,1.1,350,20.0,7,-31.0,10.3,-51.0,51.0,99.206,2,20.9807467,105.796265,18.05
2026-09-10T08:34:08.862744+00:00,DU,311,1,0,20.980935,105.7965433,24.9,0.21,4,4.7,240,20.0,7,-43.0,9.0,-63.0,63.0,98.406,4,20.9807467,105.796265,
2026-09-10T08:34:12.616639+00:00,SU,416,1,1,20.9809367,105.796195,21.1,0.09,6,1.1,350,20.0,7,-34.0,9.5,-54.0,54.0,99.209,2,20.9807467,105.796265,20.36
2026-09-10T08:34:13.887422+00:00,DU,312,1,0,20.9809383,105.7965483,25.3,0.14,4,4.7,260,20.0,7,-43.0,9.5,-63.0,63.0,98.413,4,20.9807467,105.796265,
2026-09-10T08:34:17.617167+00:00,SU,417,1,1,20.9809417,105.79619,23.6,0.04,6,1.1,350,20.0,7,-34.0,9.8,-54.0,54.0,99.213,2,20.9807467,105.796265,22.34
2026-09-10T08:34:18.891773+00:00,DU,313,1,0,20.9809317,105.7965467,25.5,0.16,0,4.7,3272,20.0,7,-42.0,9.5,-62.0,62.0,98.419,4,20.9807467,105.796265,
2026-09-10T08:34:22.618027+00:00,SU,418,1,1,20.9809417,105.796185,26.3,0.04,6,1.1,350,20.0,7,-32.0,9.3,-52.0,52.0,99.216,2,20.9807467,105.796265,23.04
2026-09-10T08:34:23.916500+00:00,DU,314,0,0,0.0,0.0,25.5,0.16,0,4.7,8295,20.0,7,-43.0,9.3,-63.0,63.0,98.425,4,20.9807467,105.796265,
2026-09-10T08:34:27.617333+00:00,SU,419,1,1,20.9809433,105.796185,27.9,0.14,6,1.1,360,20.0,7,-31.0,9.3,-51.0,51.0,99.219,2,20.9807467,105.796265,23.22
2026-09-10T08:34:28.942693+00:00,DU,315,0,0,0.0,0.0,25.5,0.16,0,4.7,13320,20.0,7,-41.0,10.0,-61.0,61.0,98.431,4,20.9807467,105.796265,
2026-09-10T08:34:32.616651+00:00,SU,420,1,1,20.9809383,105.7961883,29.8,0.06,6,1.1,360,20.0,7,-31.0,10.0,-51.0,51.0,99.222,2,20.9807467,105.796265,23.22
2026-09-10T08:34:33.966656+00:00,DU,316,0,0,0.0,0.0,25.5,0.16,0,4.7,18345,20.0,7,-41.0,10.0,-61.0,61.0,98.438,4,20.9807467,105.796265,
2026-09-10T08:34:37.617592+00:00,SU,421,1,1,20.9809367,105.7962117,33.7,0.06,6,1.1,360,20.0,7,-30.0,9.5,-50.0,50.0,99.225,2,20.9807467,105.796265,22.74
2026-09-10T08:34:38.991659+00:00,DU,317,0,0,0.0,0.0,25.5,0.16,0,4.7,23370,20.0,7,-38.0,9.3,-58.0,58.0,98.444,4,20.9807467,105.796265,
2026-09-10T08:34:42.618892+00:00,SU,422,1,1,20.9809333,105.796225,36.0,0.21,6,1.1,360,20.0,7,-30.0,10.0,-50.0,50.0,99.228,2,20.9807467,105.796265,21.84
2026-09-10T08:34:44.016525+00:00,DU,318,0,0,0.0,0.0,25.5,0.16,0,4.7,28395,20.0,7,-41.0,9.8,-61.0,61.0,98.45,4,20.9807467,105.796265,
2026-09-10T08:34:47.617258+00:00,SU,423,1,1,20.9809283,105.796225,36.6,0.09,5,1.6,360,20.0,7,-30.0,9.3,-50.0,50.0,99.231,2,20.9807467,105.796265,21.16
2026-09-10T08:34:49.041126+00:00,DU,319,0,0,0.0,0.0,25.5,0.16,0,4.7,33420,20.0,7,-41.0,9.3,-61.0,61.0,98.456,4,20.9807467,105.796265,
2026-09-10T08:34:52.617006+00:00,SU,424,1,1,20.980925,105.7962283,36.8,0.03,5,1.6,360,20.0,7,-30.0,10.3,-50.0,50.0,99.234,2,20.9807467,105.796265,20.62
2026-09-10T08:34:54.066999+00:00,DU,320,0,0,0.0,0.0,25.5,0.16,0,4.7,38445,20.0,7,-42.0,10.0,-62.0,62.0,98.462,4,20.9807467,105.796265,
2026-09-10T08:34:57.616711+00:00,SU,425,1,1,20.980915,105.7962167,35.8,0.11,5,1.6,360,20.0,7,-30.0,10.0,-50.0,50.0,99.237,2,20.9807467,105.796265,20.26
2026-09-10T08:34:59.091736+00:00,DU,321,0,0,0.0,0.0,25.5,0.16,0,4.7,43470,20.0,7,-41.0,9.8,-61.0,61.0,98.467,4,20.9807467,105.796265,
2026-09-10T08:35:02.617631+00:00,SU,426,1,1,20.980915,105.7962317,34.2,0.21,5,1.6,360,20.0,7,-30.0,10.0,-50.0,50.0,99.24,2,20.9807467,105.796265,19.1
2026-09-10T08:35:04.116800+00:00,DU,322,0,0,0.0,0.0,25.5,0.16,0,4.7,48495,20.0,7,-41.0,9.8,-61.0,61.0,98.473,4,20.9807467,105.796265,
2026-09-10T08:35:07.617128+00:00,SU,427,1,1,20.9808967,105.7962033,31.5,0.06,6,1.1,360,20.0,7,-30.0,10.3,-50.0,50.0,99.242,2,20.9807467,105.796265,19.37
2026-09-10T08:35:09.141441+00:00,DU,323,0,0,0.0,0.0,25.5,0.16,0,4.7,53520,20.0,7,-41.0,9.3,-61.0,61.0,98.479,4,20.9807467,105.796265,
2026-09-10T08:35:12.616898+00:00,SU,428,1,1,20.980885,105.7961883,29.8,0.09,6,1.1,350,20.0,7,-30.0,9.8,-50.0,50.0,99.245,2,20.9807467,105.796265,17.87
2026-09-10T08:35:14.166800+00:00,DU,324,0,0,0.0,0.0,25.5,0.16,0,4.7,58545,20.0,7,-41.0,9.8,-61.0,61.0,98.485,4,20.9807467,105.796265,
2026-09-10T08:35:17.617165+00:00,SU,429,1,1,20.9808883,105.7961983,29.0,0.03,6,1.1,360,20.0,7,-30.0,10.5,-50.0,50.0,99.248,2,20.9807467,105.796265,17.2
2026-09-10T08:35:19.191717+00:00,DU,325,0,0,0.0,0.0,25.5,0.16,0,4.7,63570,20.0,7,-41.0,10.3,-61.0,61.0,98.491,4,20.9807467,105.796265,
2026-09-10T08:35:22.616739+00:00,SU,430,1,1,20.980885,105.7961933,28.6,0.0,6,1.1,360,20.0,7,-30.0,9.5,-50.0,50.0,99.251,2,20.9807467,105.796265,17.09
2026-09-10T08:35:24.216253+00:00,DU,326,0,0,0.0,0.0,25.5,0.16,0,4.7,68595,20.0,7,-39.0,10.0,-59.0,59.0,98.496,4,20.9807467,105.796265,
2026-09-10T08:35:27.617188+00:00,SU,431,1,1,20.980885,105.7961933,28.6,0.0,6,1.1,360,20.0,7,-30.0,9.3,-50.0,50.0,99.254,2,20.9807467,105.796265,17.09
2026-09-10T08:35:29.241124+00:00,DU,327,0,0,0.0,0.0,25.5,0.16,0,4.7,73620,20.0,7,-42.0,9.5,-62.0,62.0,98.502,4,20.9807467,105.796265,
2026-09-10T08:35:32.617948+00:00,SU,432,1,1,20.980885,105.7961933,28.6,0.0,6,1.1,360,20.0,7,-30.0,10.5,-50.0,50.0,99.257,2,20.9807467,105.796265,17.09
2026-09-10T08:35:34.266197+00:00,DU,328,0,0,0.0,0.0,25.5,0.16,0,4.7,78645,20.0,7,-41.0,10.3,-61.0,61.0,98.507,4,20.9807467,105.796265,
2026-09-10T08:35:37.616551+00:00,SU,433,1,1,20.98087,105.7961683,27.0,0.01,5,1.6,360,20.0,7,-30.0,9.5,-50.0,50.0,99.259,2,20.9807467,105.796265,17.09
2026-09-10T08:35:39.291746+00:00,DU,329,0,0,0.0,0.0,25.5,0.16,0,4.7,83670,20.0,7,-41.0,9.8,-61.0,61.0,98.513,4,20.9807467,105.796265,
2026-09-10T08:35:42.616646+00:00,SU,434,1,1,20.98086,105.7961517,25.5,0.05,5,1.6,360,20.0,7,-31.0,10.0,-51.0,51.0,99.262,2,20.9807467,105.796265,16.99
2026-09-10T08:35:44.316149+00:00,DU,330,0,0,0.0,0.0,25.5,0.16,0,4.7,88695,20.0,7,-41.0,9.8,-61.0,61.0,98.519,4,20.9807467,105.796265,
2026-09-10T08:35:47.617978+00:00,SU,435,1,1,20.9808567,105.79615,25.5,0.0,5,1.6,360,20.0,7,-31.0,9.5,-51.0,51.0,99.265,2,20.9807467,105.796265,17.24
2026-09-10T08:35:49.341375+00:00,DU,331,0,0,0.0,0.0,25.5,0.16,0,4.7,93720,20.0,7,-41.0,9.5,-61.0,61.0,98.524,4,20.9807467,105.796265,
2026-09-10T08:35:52.617586+00:00,SU,436,1,1,20.9808567,105.79615,25.5,0.0,5,1.6,360,20.0,7,-31.0,10.0,-51.0,51.0,99.267,2,20.9807467,105.796265,17.09
2026-09-10T08:35:54.365861+00:00,DU,332,0,0,0.0,0.0,25.5,0.16,0,4.7,98745,20.0,7,-41.0,9.5,-61.0,61.0,98.529,4,20.9807467,105.796265,
2026-09-10T08:35:57.617029+00:00,SU,437,1,1,20.9808567,105.79615,25.5,0.0,6,1.1,360,20.0,7,-31.0,9.8,-51.0,51.0,99.27,2,20.9807467,105.796265,17.09
2026-09-10T08:35:59.390792+00:00,DU,333,0,0,0.0,0.0,25.5,0.16,0,4.7,103770,20.0,7,-40.0,9.3,-60.0,60.0,98.535,4,20.9807467,105.796265,
2026-09-10T08:36:02.616658+00:00,SU,438,1,1,20.9808467,105.7961267,25.4,0.01,6,1.1,360,20.0,7,-30.0,9.5,-50.0,50.0,99.273,2,20.9807467,105.796265,17.09
2026-09-10T08:36:04.416077+00:00,DU,334,0,0,0.0,0.0,25.5,0.16,0,4.7,108795,20.0,7,-40.0,10.0,-60.0,60.0,98.54,4,20.9807467,105.796265,
2026-09-10T08:36:07.616400+00:00,SU,439,1,1,20.9808467,105.7961267,25.4,0.0,6,1.1,360,20.0,7,-32.0,10.5,-52.0,52.0,99.275,2,20.9807467,105.796265,18.16
2026-09-10T08:36:09.441033+00:00,DU,335,0,0,0.0,0.0,25.5,0.16,0,4.7,113820,20.0,7,-41.0,10.0,-61.0,61.0,98.545,4,20.9807467,105.796265,
2026-09-10T08:36:12.617123+00:00,SU,440,1,1,20.9808467,105.7961267,25.5,0.01,6,1.1,360,20.0,7,-33.0,9.8,-53.0,53.0,99.278,2,20.9807467,105.796265,18.16
2026-09-10T08:36:14.466073+00:00,DU,336,0,0,0.0,0.0,25.5,0.16,0,4.7,118845,20.0,7,-41.0,9.8,-61.0,61.0,98.551,4,20.9807467,105.796265,
2026-09-10T08:36:17.616523+00:00,SU,441,1,1,20.9808483,105.7961317,25.5,0.09,6,1.1,360,20.0,7,-32.0,10.3,-52.0,52.0,99.281,2,20.9807467,105.796265,18.16
2026-09-10T08:36:19.491927+00:00,DU,337,0,0,0.0,0.0,25.5,0.16,0,4.7,123870,20.0,7,-43.0,9.5,-63.0,63.0,98.556,4,20.9807467,105.796265,
2026-09-10T08:36:22.616087+00:00,SU,442,1,1,20.98085,105.796135,26.1,0.16,6,1.1,360,20.0,7,-30.0,9.8,-50.0,50.0,99.283,2,20.9807467,105.796265,17.87
2026-09-10T08:36:24.516327+00:00,DU,338,0,0,0.0,0.0,25.5,0.16,0,4.7,128895,20.0,7,-41.0,10.0,-61.0,61.0,98.561,4,20.9807467,105.796265,
2026-09-10T08:36:27.615884+00:00,SU,443,1,1,20.9808617,105.7961633,28.8,0.07,6,1.1,360,20.0,7,-51.0,8.8,-71.0,71.0,99.286,2,20.9807467,105.796265,17.72
2026-09-10T08:36:29.541019+00:00,DU,339,0,0,0.0,0.0,25.5,0.16,0,4.7,133920,20.0,7,-41.0,9.8,-61.0,61.0,98.566,4,20.9807467,105.796265,
2026-09-10T08:36:32.616598+00:00,SU,444,1,1,20.98085,105.79618,30.5,0.24,6,1.1,360,20.0,7,-57.0,6.5,-77.0,77.0,99.288,2,20.9807467,105.796265,15.6
2026-09-10T08:36:34.565595+00:00,DU,340,0,0,0.0,0.0,25.5,0.16,0,4.7,138945,20.0,7,-43.0,9.5,-63.0,63.0,98.571,4,20.9807467,105.796265,
2026-09-10T08:36:37.616306+00:00,SU,445,1,1,20.980845,105.7961967,33.1,0.3,6,1.1,360,20.0,7,-47.0,9.3,-67.0,67.0,99.291,2,20.9807467,105.796265,14.49
2026-09-10T08:36:39.590427+00:00,DU,341,0,0,0.0,0.0,25.5,0.16,0,4.7,143970,20.0,7,-41.0,9.5,-61.0,61.0,98.577,4,20.9807467,105.796265,
2026-09-10T08:36:42.616054+00:00,SU,446,1,1,20.9808617,105.7962483,33.8,0.16,6,1.1,360,20.0,7,-55.0,8.0,-75.0,75.0,99.293,2,20.9807467,105.796265,13.5
2026-09-10T08:36:44.614915+00:00,DU,342,0,0,0.0,0.0,25.5,0.16,0,4.7,148995,20.0,7,-44.0,9.3,-64.0,64.0,98.582,4,20.9807467,105.796265,
2026-09-10T08:36:47.615880+00:00,SU,447,1,1,20.9808117,105.796305,28.5,0.47,6,1.1,360,20.0,7,-44.0,9.5,-64.0,64.0,99.296,2,20.9807467,105.796265,11.07
2026-09-10T08:36:49.641140+00:00,DU,343,0,0,0.0,0.0,25.5,0.16,0,4.7,154020,20.0,7,-42.0,10.0,-62.0,62.0,98.587,4,20.9807467,105.796265,
2026-09-10T08:36:52.615504+00:00,SU,448,1,1,20.9807733,105.7963917,26.6,0.24,5,1.6,360,20.0,7,-53.0,8.0,-73.0,73.0,99.298,2,20.9807467,105.796265,8.34
2026-09-10T08:36:54.665701+00:00,DU,344,0,0,0.0,0.0,25.5,0.16,0,4.7,159045,20.0,7,-41.0,9.5,-61.0,61.0,98.592,4,20.9807467,105.796265,
2026-09-10T08:36:57.616409+00:00,SU,449,1,1,20.9807067,105.796435,22.1,0.01,5,1.3,360,20.0,7,-59.0,5.8,-79.0,79.0,99.301,2,20.9807467,105.796265,13.48
2026-09-10T08:36:59.690270+00:00,DU,345,1,0,20.9802867,105.7961983,25.5,1.11,3,7.5,730,20.0,7,-40.0,9.5,-60.0,60.0,98.596,4,20.9807467,105.796265,
2026-09-10T08:37:02.616274+00:00,SU,450,1,1,20.9806717,105.7963817,21.2,0.12,6,1.1,360,20.0,7,-57.0,6.8,-77.0,77.0,99.303,2,20.9807467,105.796265,13.89
2026-09-10T08:37:04.714988+00:00,DU,346,1,0,20.980065,105.7961867,25.5,1.09,3,7.5,760,20.0,7,-40.0,9.8,-60.0,60.0,98.601,4,20.9807467,105.796265,
2026-09-10T08:37:09.740897+00:00,DU,347,1,0,20.979905,105.7962,25.5,1.28,3,7.5,780,20.0,7,-42.0,9.5,-62.0,62.0,98.606,4,20.9807467,105.796265,
2026-09-10T08:37:12.615902+00:00,SU,452,1,1,20.9806433,105.7964583,18.6,0.19,6,1.1,360,20.0,7,-65.0,-0.3,-85.0,85.0,98.962,3,20.9807467,105.796265,19.52
2026-09-10T08:37:14.767271+00:00,DU,348,1,0,20.9796117,105.79579,25.5,5.19,3,7.5,810,20.0,7,-41.0,9.3,-61.0,61.0,98.611,4,20.9807467,105.796265,
2026-09-10T08:37:17.615948+00:00,SU,453,1,1,20.9806533,105.7965517,20.3,0.17,6,1.1,360,20.0,7,-67.0,3.0,-87.0,87.0,98.966,3,20.9807467,105.796265,22.6
2026-09-10T08:37:19.791675+00:00,DU,349,1,0,20.978505,105.7937183,25.5,4.87,3,7.5,830,20.0,7,-39.0,10.0,-59.0,59.0,98.616,4,20.9807467,105.796265,
2026-09-10T08:37:24.817432+00:00,DU,350,1,0,20.9780233,105.792975,25.5,1.15,3,7.5,0,20.0,7,-42.0,10.0,-62.0,62.0,98.621,4,20.9807467,105.796265,
2026-09-10T08:37:27.615645+00:00,SU,455,1,1,20.9806767,105.7966133,17.7,0.0,5,1.8,360,20.0,7,-67.0,-9.5,-87.0,87.0,98.63,4,20.9807467,105.796265,31.53
2026-09-10T08:37:29.842546+00:00,DU,351,1,0,20.978435,105.7933767,25.5,6.37,3,7.5,20,20.0,7,-40.0,9.0,-60.0,60.0,98.625,4,20.9807467,105.796265,
2026-09-10T08:37:32.615657+00:00,SU,456,1,1,20.9806883,105.7966417,16.6,0.07,5,1.8,360,20.0,7,-67.0,-6.5,-87.0,87.0,98.635,4,20.9807467,105.796265,36.99
2026-09-10T08:37:34.868240+00:00,DU,352,1,0,20.9787067,105.793475,25.5,3.15,3,7.4,50,20.0,7,-43.0,9.5,-63.0,63.0,98.63,4,20.9807467,105.796265,
2026-09-10T08:37:39.894938+00:00,DU,353,1,0,20.9790967,105.7937817,25.5,1.56,3,7.4,70,20.0,7,-42.0,9.3,-62.0,62.0,98.635,4,20.9807467,105.796265,
2026-09-10T08:37:42.617040+00:00,SU,458,1,1,20.9807083,105.7966417,17.7,0.39,6,1.1,360,20.0,7,-65.0,-1.3,-85.0,85.0,98.305,5,20.9807467,105.796265,39.65
2026-09-10T08:37:44.919386+00:00,DU,354,1,0,20.9794817,105.7938317,25.5,1.64,3,7.4,100,20.0,7,-43.0,9.5,-63.0,63.0,98.639,4,20.9807467,105.796265,
2026-09-10T08:37:47.615636+00:00,SU,459,1,1,20.980715,105.79663,17.7,0.26,6,1.1,360,20.0,7,-58.0,6.3,-78.0,78.0,98.311,5,20.9807467,105.796265,39.34
2026-09-10T08:37:49.943646+00:00,DU,355,1,0,20.9793267,105.79394,25.5,1.0,3,7.4,120,20.0,7,-42.0,9.8,-62.0,62.0,98.644,4,20.9807467,105.796265,
2026-09-10T08:37:52.615310+00:00,SU,460,1,1,20.9807367,105.7966333,17.6,0.27,6,1.1,360,20.0,7,-56.0,6.8,-76.0,76.0,98.316,5,20.9807467,105.796265,38.4
2026-09-10T08:37:54.968371+00:00,DU,356,1,0,20.9833233,105.79284,-403.3,0.37,4,6.6,20,20.0,7,-41.0,10.3,-61.0,61.0,98.649,4,20.9807467,105.796265,
2026-09-10T08:37:57.615285+00:00,SU,461,1,1,20.9807717,105.7966983,15.9,0.5,6,1.1,360,20.0,7,-49.0,9.0,-69.0,69.0,98.322,5,20.9807467,105.796265,38.25
2026-09-10T08:37:59.994099+00:00,DU,357,1,0,20.9833267,105.79278,-402.2,0.03,4,6.6,40,20.0,7,-41.0,9.5,-61.0,61.0,98.653,4,20.9807467,105.796265,
2026-09-10T08:38:02.615754+00:00,SU,462,1,1,20.9807717,105.7966883,16.5,0.57,6,1.1,360,20.0,7,-52.0,8.5,-72.0,72.0,98.328,5,20.9807467,105.796265,44.04
2026-09-10T08:38:05.019015+00:00,DU,358,1,0,20.98286,105.7928433,-360.0,0.17,4,6.7,70,20.0,7,-43.0,9.5,-63.0,63.0,98.658,4,20.9807467,105.796265,
2026-09-10T08:38:07.615908+00:00,SU,463,1,1,20.98077,105.796685,18.0,0.14,6,1.1,360,20.0,7,-56.0,6.8,-76.0,76.0,98.333,5,20.9807467,105.796265,44.04
2026-09-10T08:38:10.043587+00:00,DU,359,1,0,20.9828417,105.7927867,-363.5,0.01,4,6.7,90,20.0,7,-41.0,9.8,-61.0,61.0,98.662,4,20.9807467,105.796265,
2026-09-10T08:38:12.615630+00:00,SU,464,1,1,20.980775,105.7966567,18.7,0.09,6,1.1,360,20.0,7,-61.0,3.8,-81.0,81.0,98.339,5,20.9807467,105.796265,43.69
2026-09-10T08:38:15.069577+00:00,DU,360,1,0,20.9831933,105.7928633,-390.8,0.41,4,6.7,120,20.0,7,-42.0,9.3,-62.0,62.0,98.667,4,20.9807467,105.796265,
2026-09-10T08:38:17.614861+00:00,SU,465,1,1,20.9807483,105.7966067,18.8,0.06,6,1.1,360,20.0,7,-58.0,6.3,-78.0,78.0,98.344,5,20.9807467,105.796265,40.75
2026-09-10T08:38:20.092844+00:00,DU,361,1,0,20.9831917,105.793045,-383.4,0.99,4,6.8,140,20.0,7,-41.0,9.8,-61.0,61.0,98.671,4,20.9807467,105.796265,
2026-09-10T08:38:22.615048+00:00,SU,466,1,1,20.9807483,105.7966067,18.7,0.0,5,1.8,360,20.0,7,-62.0,7.5,-82.0,82.0,98.35,5,20.9807467,105.796265,35.48
2026-09-10T08:38:25.118575+00:00,DU,362,1,0,20.98246,105.7934833,-295.7,0.32,4,6.8,170,20.0,7,-41.0,10.0,-61.0,61.0,98.675,4,20.9807467,105.796265,
2026-09-10T08:38:27.615346+00:00,SU,467,1,1,20.9807483,105.7966067,18.7,0.0,5,1.8,360,20.0,7,-63.0,1.5,-83.0,83.0,98.355,5,20.9807467,105.796265,35.48
2026-09-10T08:38:30.143639+00:00,DU,363,1,0,20.9822483,105.7939667,-251.4,0.37,4,6.8,190,20.0,7,-42.0,9.8,-62.0,62.0,98.68,4,20.9807467,105.796265,
2026-09-10T08:38:32.615408+00:00,SU,468,1,1,20.9807467,105.796605,18.7,0.0,6,1.1,360,20.0,7,-63.0,1.5,-83.0,83.0,98.361,5,20.9807467,105.796265,35.48
2026-09-10T08:38:35.167893+00:00,DU,364,1,0,20.9820217,105.7943067,-209.8,0.04,4,3.3,220,20.0,7,-42.0,9.8,-62.0,62.0,98.684,4,20.9807467,105.796265,
2026-09-10T08:38:37.616397+00:00,SU,469,1,1,20.9807467,105.796605,18.7,0.0,6,1.1,360,20.0,7,-62.0,2.0,-82.0,82.0,98.366,5,20.9807467,105.796265,35.3
2026-09-10T08:38:40.192706+00:00,DU,365,1,0,20.9818817,105.7944783,-187.6,0.06,4,3.3,240,20.0,7,-41.0,9.5,-61.0,61.0,98.689,4,20.9807467,105.796265,
2026-09-10T08:38:42.615495+00:00,SU,470,1,1,20.9807317,105.7965783,18.0,0.15,5,1.2,360,20.0,7,-64.0,0.3,-84.0,84.0,98.371,5,20.9807467,105.796265,35.3
2026-09-10T08:38:45.218341+00:00,DU,366,1,0,20.98218,105.7945067,-212.1,0.44,4,3.3,270,20.0,7,-41.0,9.3,-61.0,61.0,98.693,4,20.9807467,105.796265,
2026-09-10T08:38:47.616738+00:00,SU,471,1,1,20.9807167,105.79655,17.3,0.35,6,1.1,360,20.0,7,-62.0,2.5,-82.0,82.0,98.377,5,20.9807467,105.796265,32.57
2026-09-10T08:38:50.243183+00:00,DU,367,1,0,20.9821283,105.794535,-208.2,0.45,4,3.3,290,20.0,7,-40.0,9.8,-60.0,60.0,98.697,4,20.9807467,105.796265,
2026-09-10T08:38:52.615100+00:00,SU,472,1,1,20.9807017,105.7964933,18.3,0.03,6,1.1,360,20.0,7,-63.0,1.8,-83.0,83.0,98.382,5,20.9807467,105.796265,29.78
2026-09-10T08:38:55.267759+00:00,DU,368,1,0,20.98165,105.7946817,-157.4,0.18,4,3.3,310,20.0,7,-41.0,10.0,-61.0,61.0,98.701,4,20.9807467,105.796265,
2026-09-10T08:38:57.614897+00:00,SU,473,1,1,20.98068,105.7964133,20.3,0.03,6,1.1,360,20.0,7,-61.0,8.0,-81.0,81.0,98.387,5,20.9807467,105.796265,24.23
2026-09-10T08:39:00.292710+00:00,DU,369,1,0,20.9815933,105.7947267,-149.0,0.5,4,3.3,340,20.0,7,-42.0,9.8,-62.0,62.0,98.706,4,20.9807467,105.796265,
2026-09-10T08:39:02.614789+00:00,SU,474,1,1,20.98068,105.7964,21.6,0.08,6,1.1,360,20.0,7,-63.0,1.5,-83.0,83.0,98.392,5,20.9807467,105.796265,17.09
2026-09-10T08:39:05.317575+00:00,DU,370,1,0,20.981715,105.7947083,-160.5,0.44,4,3.3,370,20.0,7,-40.0,9.3,-60.0,60.0,98.71,4,20.9807467,105.796265,
2026-09-10T08:39:07.614121+00:00,SU,475,1,1,20.9806833,105.79639,23.5,0.09,6,1.1,360,20.0,7,-63.0,2.0,-83.0,83.0,98.397,5,20.9807467,105.796265,15.86
2026-09-10T08:39:10.342800+00:00,DU,371,1,0,20.9822617,105.794655,-210.9,0.55,4,3.3,390,20.0,7,-43.0,9.8,-63.0,63.0,98.714,4,20.9807467,105.796265,
2026-09-10T08:39:12.614775+00:00,SU,476,1,1,20.9806883,105.7963767,26.4,0.11,6,1.1,360,20.0,7,-63.0,2.3,-83.0,83.0,98.403,5,20.9807467,105.796265,14.77
2026-09-10T08:39:15.369157+00:00,DU,372,1,0,20.9821017,105.7946367,-199.6,0.32,4,3.3,420,20.0,7,-41.0,10.3,-61.0,61.0,98.718,4,20.9807467,105.796265,
2026-09-10T08:39:17.614775+00:00,SU,477,1,1,20.9807033,105.796395,29.0,0.14,6,1.1,360,20.0,7,-63.0,2.0,-83.0,83.0,98.408,5,20.9807467,105.796265,14.51
2026-09-10T08:39:20.392866+00:00,DU,373,1,0,20.9817417,105.7947283,-162.2,0.83,4,3.3,440,20.0,7,-41.0,9.5,-61.0,61.0,98.722,4,20.9807467,105.796265,
2026-09-10T08:39:22.614413+00:00,SU,478,1,1,20.9807133,105.7964067,31.0,0.08,6,1.1,360,20.0,7,-61.0,7.5,-81.0,81.0,98.413,5,20.9807467,105.796265,14.33
2026-09-10T08:39:25.417044+00:00,DU,374,1,0,20.9815883,105.79477,-145.5,0.2,4,3.3,470,20.0,7,-42.0,10.0,-62.0,62.0,98.726,4,20.9807467,105.796265,
2026-09-10T08:39:27.614415+00:00,SU,479,1,1,20.9807,105.796355,32.8,0.11,6,1.1,360,20.0,7,-63.0,2.0,-83.0,83.0,98.418,5,20.9807467,105.796265,14.33
2026-09-10T08:39:30.441744+00:00,DU,375,1,0,20.9814133,105.794795,-127.9,0.32,4,3.3,490,20.0,7,-42.0,9.3,-62.0,62.0,98.73,4,20.9807467,105.796265,
2026-09-10T08:39:32.615847+00:00,SU,480,1,1,20.980685,105.796315,33.6,0.03,6,1.1,360,20.0,7,-63.0,2.0,-83.0,83.0,98.423,5,20.9807467,105.796265,10.69
2026-09-10T08:39:35.467520+00:00,DU,376,1,0,20.9815833,105.7947767,-142.9,0.73,4,3.3,520,20.0,7,-42.0,9.5,-62.0,62.0,98.734,4,20.9807467,105.796265,
2026-09-10T08:39:37.614646+00:00,SU,481,1,1,20.980675,105.79629,33.8,0.09,6,1.1,360,20.0,7,-64.0,1.5,-84.0,84.0,98.428,5,20.9807467,105.796265,8.6
2026-09-10T08:39:40.492493+00:00,DU,377,1,0,20.9813433,105.7947867,-122.0,1.07,4,3.3,540,20.0,7,-41.0,9.8,-61.0,61.0,98.738,4,20.9807467,105.796265,
2026-09-10T08:39:42.615711+00:00,SU,482,1,1,20.9806683,105.79627,34.4,0.02,6,1.1,360,20.0,7,-63.0,1.5,-83.0,83.0,98.433,5,20.9807467,105.796265,8.38
2026-09-10T08:39:45.516957+00:00,DU,378,1,0,20.9806917,105.794875,-59.8,0.48,3,7.4,570,20.0,7,-41.0,9.8,-61.0,61.0,98.742,4,20.9807467,105.796265,
2026-09-10T08:39:47.614105+00:00,SU,483,1,1,20.9806633,105.7962583,34.7,0.0,6,1.1,360,20.0,7,-63.0,1.0,-83.0,83.0,98.438,5,20.9807467,105.796265,8.73
2026-09-10T08:39:50.542124+00:00,DU,379,1,0,20.98134,105.794635,-131.7,1.22,3,7.4,590,20.0,7,-42.0,9.5,-62.0,62.0,98.746,4,20.9807467,105.796265,
2026-09-10T08:39:52.613682+00:00,SU,484,1,1,20.9806683,105.7962617,35.9,0.04,6,1.1,360,20.0,7,-63.0,1.8,-83.0,83.0,98.442,5,20.9807467,105.796265,8.72
2026-09-10T08:39:55.567467+00:00,DU,380,1,0,20.981905,105.7944883,-188.7,0.5,4,3.3,610,20.0,7,-41.0,9.8,-61.0,61.0,98.75,4,20.9807467,105.796265,
2026-09-10T08:39:57.615265+00:00,SU,485,1,1,20.98067,105.7962567,37.2,0.08,6,1.1,360,20.0,7,-63.0,1.3,-83.0,83.0,98.447,5,20.9807467,105.796265,8.75
2026-09-10T08:40:00.592442+00:00,DU,381,1,0,20.98202,105.7940067,-223.7,0.53,4,3.3,640,20.0,7,-42.0,9.0,-62.0,62.0,98.754,4,20.9807467,105.796265,
2026-09-10T08:40:02.614098+00:00,SU,486,1,1,20.980665,105.7962383,38.3,0.0,6,1.1,360,20.0,7,-61.0,7.8,-81.0,81.0,98.452,5,20.9807467,105.796265,8.76
2026-09-10T08:40:05.617076+00:00,DU,382,1,0,20.9828217,105.7924567,-376.7,0.16,4,3.3,660,20.0,7,-41.0,10.0,-61.0,61.0,98.758,4,20.9807467,105.796265,
2026-09-10T08:40:07.614240+00:00,SU,487,1,1,20.980665,105.7962367,38.3,0.0,6,1.1,360,20.0,7,-63.0,1.8,-83.0,83.0,98.457,5,20.9807467,105.796265,9.5
2026-09-10T08:40:10.641509+00:00,DU,383,1,0,20.9827383,105.7921583,-387.9,1.05,4,3.3,690,20.0,7,-42.0,9.8,-62.0,62.0,98.762,4,20.9807467,105.796265,
2026-09-10T08:40:12.613417+00:00,SU,488,1,1,20.9806583,105.7962483,35.4,0.03,6,1.1,360,20.0,7,-63.0,1.8,-83.0,83.0,98.462,5,20.9807467,105.796265,9.5
2026-09-10T08:40:15.666821+00:00,DU,384,1,0,20.98226,105.792205,-341.9,0.51,4,3.3,710,20.0,7,-42.0,9.5,-62.0,62.0,98.765,4,20.9807467,105.796265,
2026-09-10T08:40:17.614166+00:00,SU,489,1,1,20.9806533,105.79625,34.0,0.22,6,1.1,340,20.0,7,-63.0,1.3,-83.0,83.0,98.466,5,20.9807467,105.796265,9.98
2026-09-10T08:40:20.693474+00:00,DU,385,1,0,20.9825533,105.7921683,-368.5,0.31,4,3.3,750,20.0,7,-41.0,9.0,-61.0,61.0,98.769,4,20.9807467,105.796265,
2026-09-10T08:40:22.614053+00:00,SU,490,1,1,20.9806483,105.7962383,34.5,0.0,5,1.9,360,20.0,7,-63.0,1.8,-83.0,83.0,98.471,5,20.9807467,105.796265,10.53
2026-09-10T08:40:25.718119+00:00,DU,386,1,0,20.9824617,105.7919833,-371.5,0.34,4,3.3,770,20.0,7,-42.0,9.8,-62.0,62.0,98.773,4,20.9807467,105.796265,
2026-09-10T08:40:27.613847+00:00,SU,491,1,1,20.9806467,105.7962333,34.8,0.0,6,1.1,360,20.0,7,-63.0,1.5,-83.0,83.0,98.476,5,20.9807467,105.796265,11.29
2026-09-10T08:40:30.743547+00:00,DU,387,1,0,20.9823117,105.7920083,-354.5,0.73,4,3.3,790,20.0,7,-41.0,9.3,-61.0,61.0,98.777,4,20.9807467,105.796265,
2026-09-10T08:40:32.613378+00:00,SU,492,1,1,20.980645,105.796225,35.2,0.04,6,1.1,360,20.0,7,-66.0,1.3,-86.0,86.0,98.48,5,20.9807467,105.796265,11.6
2026-09-10T08:40:35.768450+00:00,DU,388,1,0,20.9829933,105.7912233,-458.4,0.39,4,3.3,820,20.0,7,-40.0,9.5,-60.0,60.0,98.78,4,20.9807467,105.796265,
2026-09-10T08:40:37.613275+00:00,SU,493,1,1,20.9806283,105.7961683,37.0,0.04,6,1.1,360,20.0,7,-64.0,-0.3,-84.0,84.0,98.485,5,20.9807467,105.796265,12.05
2026-09-10T08:40:40.793998+00:00,DU,389,1,0,20.982715,105.79161,-415.6,0.26,4,3.3,840,20.0,7,-41.0,9.3,-61.0,61.0,98.784,4,20.9807467,105.796265,
2026-09-10T08:40:42.613718+00:00,SU,494,1,1,20.9806267,105.7961667,37.0,0.0,6,1.1,360,20.0,7,-64.0,1.0,-84.0,84.0,98.489,5,20.9807467,105.796265,16.56
2026-09-10T08:40:45.819798+00:00,DU,390,1,0,20.9821583,105.7923183,-326.5,0.83,4,3.3,0,20.0,7,-41.0,9.5,-61.0,61.0,98.788,4,20.9807467,105.796265,
2026-09-10T08:40:47.613550+00:00,SU,495,1,1,20.9806267,105.7961667,37.2,0.0,6,1.1,360,20.0,7,-63.0,2.3,-83.0,83.0,98.494,5,20.9807467,105.796265,16.8
2026-09-10T08:40:50.845294+00:00,DU,391,1,0,20.9797983,105.7930867,-76.1,0.32,4,5.7,30,20.0,7,-42.0,9.3,-62.0,62.0,98.792,4,20.9807467,105.796265,
2026-09-10T08:40:52.613158+00:00,SU,496,1,1,20.98063,105.7961667,38.1,0.18,6,1.1,360,20.0,7,-63.0,1.8,-83.0,83.0,98.498,5,20.9807467,105.796265,16.8
2026-09-10T08:40:55.870498+00:00,DU,392,1,1,20.9800633,105.7948617,4.5,0.4,6,1.2,50,20.0,7,-41.0,9.8,-61.0,61.0,98.795,4,20.9807467,105.796265,
2026-09-10T08:40:57.612989+00:00,SU,497,1,1,20.9806283,105.7961583,38.9,0.0,6,1.1,360,20.0,7,-63.0,1.8,-83.0,83.0,98.503,5,20.9807467,105.796265,16.66
2026-09-10T08:41:00.895710+00:00,DU,393,1,1,20.9803183,105.7954733,24.8,0.15,6,1.2,80,20.0,7,-43.0,10.0,-63.0,63.0,98.799,4,20.9807467,105.796265,
2026-09-10T08:41:02.613980+00:00,SU,498,1,1,20.9806283,105.7961583,38.9,0.0,5,1.9,360,20.0,7,-62.0,8.0,-82.0,82.0,98.507,5,20.9807467,105.796265,17.21
2026-09-10T08:41:05.921397+00:00,DU,394,1,1,20.980385,105.7956567,32.9,0.33,6,1.2,100,20.0,7,-39.0,9.8,-59.0,59.0,98.802,4,20.9807467,105.796265,95.0
2026-09-10T08:41:07.613607+00:00,SU,499,1,1,20.9806333,105.7961717,38.6,0.07,6,1.2,360,20.0,7,-64.0,1.0,-84.0,84.0,98.512,5,20.9807467,105.796265,17.21
2026-09-10T08:41:10.947244+00:00,DU,395,1,1,20.9804083,105.7958117,40.3,0.68,6,1.2,130,20.0,7,-41.0,10.5,-61.0,61.0,98.806,4,20.9807467,105.796265,74.87
2026-09-10T08:41:12.613326+00:00,SU,500,1,1,20.9806367,105.79618,39.0,0.05,6,1.2,360,20.0,7,-64.0,1.5,-84.0,84.0,98.516,5,20.9807467,105.796265,15.9
2026-09-10T08:41:15.971233+00:00,DU,396,1,0,20.9804367,105.7958567,40.7,0.29,5,3.1,20,20.0,7,-42.0,9.5,-62.0,62.0,98.81,4,20.9807467,105.796265,
2026-09-10T08:41:17.612948+00:00,SU,501,1,1,20.9806433,105.7961917,39.9,0.2,6,1.2,360,20.0,7,-64.0,0.8,-84.0,84.0,98.521,5,20.9807467,105.796265,15.08
2026-09-10T08:41:20.995572+00:00,DU,397,1,1,20.9804367,105.7958,37.7,0.06,6,1.2,40,20.0,7,-41.0,10.0,-61.0,61.0,98.813,4,20.9807467,105.796265,
2026-09-10T08:41:22.612934+00:00,SU,502,1,1,20.9806467,105.7961967,40.1,0.15,6,1.2,360,20.0,7,-64.0,1.3,-84.0,84.0,98.525,5,20.9807467,105.796265,13.79
2026-09-10T08:41:26.020665+00:00,DU,398,1,1,20.98044,105.7957033,32.0,0.12,6,1.2,60,20.0,7,-42.0,9.5,-62.0,62.0,98.817,4,20.9807467,105.796265,
2026-09-10T08:41:27.613303+00:00,SU,503,1,1,20.9806433,105.7961967,38.9,0.07,5,1.9,360,20.0,7,-64.0,0.8,-84.0,84.0,98.529,5,20.9807467,105.796265,13.51
2026-09-10T08:41:31.046391+00:00,DU,399,1,1,20.9804583,105.7956733,28.5,0.14,6,1.2,90,20.0,7,-42.0,9.5,-62.0,62.0,98.82,4,20.9807467,105.796265,67.56
2026-09-10T08:41:32.612906+00:00,SU,504,1,1,20.9806433,105.7961983,38.7,0.0,6,1.2,360,20.0,7,-62.0,8.0,-82.0,82.0,98.534,5,20.9807467,105.796265,13.51
2026-09-10T08:41:36.071097+00:00,DU,400,1,1,20.9805,105.7956933,26.6,0.03,6,1.2,110,20.0,7,-41.0,9.8,-61.0,61.0,98.824,4,20.9807467,105.796265,67.46
2026-09-10T08:41:37.613092+00:00,SU,505,1,1,20.9806433,105.7961983,38.7,0.0,6,1.2,360,20.0,7,-64.0,0.8,-84.0,84.0,98.538,5,20.9807467,105.796265,13.42
2026-09-10T08:41:41.095466+00:00,DU,401,1,1,20.9804917,105.79574,28.5,0.35,6,1.2,140,20.0,7,-41.0,10.3,-61.0,61.0,98.827,4,20.9807467,105.796265,65.78
2026-09-10T08:41:42.613400+00:00,SU,506,1,1,20.9806467,105.7962033,39.3,0.07,6,1.2,360,20.0,7,-64.0,1.0,-84.0,84.0,98.542,5,20.9807467,105.796265,13.42
2026-09-10T08:41:46.120368+00:00,DU,402,1,1,20.9804667,105.795765,32.0,0.21,6,1.2,160,20.0,7,-42.0,9.5,-62.0,62.0,98.83,4,20.9807467,105.796265,61.44
2026-09-10T08:41:47.613175+00:00,SU,507,1,1,20.9806533,105.7962117,40.5,0.07,6,1.2,360,20.0,7,-59.0,7.8,-79.0,79.0,98.547,5,20.9807467,105.796265,12.83
2026-09-10T08:41:51.145088+00:00,DU,403,1,1,20.980425,105.7957167,33.0,0.18,6,1.2,190,20.0,7,-41.0,9.3,-61.0,61.0,98.834,4,20.9807467,105.796265,62.77
2026-09-10T08:41:52.613256+00:00,SU,508,1,1,20.9806567,105.7962167,41.2,0.13,6,1.2,360,20.0,7,-63.0,1.3,-83.0,83.0,98.551,5,20.9807467,105.796265,11.77
2026-09-10T08:41:56.170960+00:00,DU,404,1,1,20.980405,105.795705,34.5,0.04,6,1.2,210,20.0,7,-42.0,9.0,-62.0,62.0,98.837,4,20.9807467,105.796265,67.23
2026-09-10T08:41:57.613720+00:00,SU,509,1,1,20.980645,105.796205,39.0,0.04,6,1.2,360,20.0,7,-63.0,2.0,-83.0,83.0,98.555,5,20.9807467,105.796265,11.77
2026-09-10T08:42:01.196118+00:00,DU,405,1,1,20.9803867,105.7956917,35.4,0.26,6,1.2,240,20.0,7,-41.0,10.0,-61.0,61.0,98.841,4,20.9807467,105.796265,69.46
2026-09-10T08:42:02.613274+00:00,SU,510,1,1,20.9806383,105.7961967,37.9,0.06,6,1.2,360,20.0,7,-62.0,2.0,-82.0,82.0,98.559,5,20.9807467,105.796265,12.91
2026-09-10T08:42:06.221065+00:00,DU,406,1,1,20.9803817,105.7956617,35.8,0.23,6,1.2,260,20.0,7,-42.0,9.3,-62.0,62.0,98.844,4,20.9807467,105.796265,71.73
2026-09-10T08:42:07.612728+00:00,SU,511,1,1,20.9806367,105.796185,38.7,0.04,6,1.2,360,20.0,7,-63.0,1.0,-83.0,83.0,98.563,5,20.9807467,105.796265,13.98
2026-09-10T08:42:11.245983+00:00,DU,407,1,1,20.9803917,105.7956133,34.7,0.17,5,1.4,290,20.0,7,-41.0,9.8,-61.0,61.0,98.847,4,20.9807467,105.796265,74.34
2026-09-10T08:42:12.612696+00:00,SU,512,1,1,20.98064,105.7961733,41.1,0.06,6,1.2,360,20.0,7,-64.0,1.3,-84.0,84.0,98.567,5,20.9807467,105.796265,14.64
2026-09-10T08:42:16.271614+00:00,DU,408,1,1,20.9803917,105.7955817,35.1,0.04,5,1.4,320,20.0,7,-41.0,9.5,-61.0,61.0,98.851,4,20.9807467,105.796265,78.33
2026-09-10T08:42:17.612512+00:00,SU,513,1,1,20.98064,105.7961467,44.8,0.06,6,1.2,360,20.0,7,-64.0,0.8,-84.0,84.0,98.571,5,20.9807467,105.796265,15.21
2026-09-10T08:42:21.296763+00:00,DU,409,1,1,20.9803767,105.795575,37.8,0.21,5,1.4,340,20.0,7,-41.0,9.8,-61.0,61.0,98.854,4,20.9807467,105.796265,81.19
2026-09-10T08:42:22.612327+00:00,SU,514,1,1,20.9806417,105.7961233,48.2,0.03,6,1.2,360,20.0,7,-63.0,0.5,-83.0,83.0,98.575,5,20.9807467,105.796265,17.08
2026-09-10T08:42:26.320129+00:00,DU,410,1,1,20.9803667,105.7955667,40.0,0.36,6,1.2,360,20.0,7,-40.0,9.5,-60.0,60.0,98.857,4,20.9807467,105.796265,82.61
2026-09-10T08:42:27.612138+00:00,SU,515,1,1,20.9806483,105.7961283,49.6,0.04,5,1.7,360,20.0,7,-64.0,1.0,-84.0,84.0,98.58,5,20.9807467,105.796265,18.38
2026-09-10T08:42:31.344688+00:00,DU,411,1,1,20.9803667,105.7956317,43.3,0.3,6,1.2,390,20.0,7,-41.0,9.8,-61.0,61.0,98.86,4,20.9807467,105.796265,83.17
2026-09-10T08:42:32.614137+00:00,SU,516,1,1,20.9806483,105.7961033,52.5,0.05,6,1.2,360,20.0,7,-64.0,1.0,-84.0,84.0,98.584,5,20.9807467,105.796265,18.33
2026-09-10T08:42:36.369483+00:00,DU,412,1,1,20.9803683,105.7956717,45.8,0.55,6,1.2,410,20.0,7,-42.0,9.3,-62.0,62.0,98.864,4,20.9807467,105.796265,78.16
2026-09-10T08:42:37.613954+00:00,SU,517,1,1,20.980645,105.796085,53.7,0.0,6,1.2,360,20.0,7,-64.0,1.0,-84.0,84.0,98.588,5,20.9807467,105.796265,20.04
2026-09-10T08:42:41.395135+00:00,DU,413,1,1,20.9803733,105.7956483,45.8,0.45,6,1.2,440,20.0,7,-41.0,9.8,-61.0,61.0,98.867,4,20.9807467,105.796265,76.62
2026-09-10T08:42:42.612478+00:00,SU,518,1,1,20.9806467,105.7960867,54.7,0.03,6,1.2,360,20.0,7,-64.0,0.8,-84.0,84.0,98.592,5,20.9807467,105.796265,21.59
2026-09-10T08:42:46.420336+00:00,DU,414,1,1,20.9803867,105.795655,44.3,0.1,6,1.2,460,20.0,7,-41.0,9.5,-61.0,61.0,98.87,4,20.9807467,105.796265,75.73
2026-09-10T08:42:47.611761+00:00,SU,519,1,1,20.9806567,105.7961083,55.3,0.07,6,1.2,360,20.0,7,-63.0,0.5,-83.0,83.0,98.596,5,20.9807467,105.796265,21.59
2026-09-10T08:42:51.444641+00:00,DU,415,1,1,20.9803817,105.7956517,43.5,0.4,6,1.2,490,20.0,7,-42.0,9.3,-62.0,62.0,98.873,4,20.9807467,105.796265,75.51
2026-09-10T08:42:52.612404+00:00,SU,520,1,1,20.9806617,105.7961283,54.7,0.06,6,1.2,360,20.0,7,-64.0,0.8,-84.0,84.0,98.599,5,20.9807467,105.796265,19.1
2026-09-10T08:42:56.469237+00:00,DU,416,1,1,20.980385,105.7956217,42.7,0.26,6,1.2,510,20.0,7,-41.0,10.0,-61.0,61.0,98.876,4,20.9807467,105.796265,75.31
2026-09-10T08:42:57.612473+00:00,SU,521,1,1,20.9806633,105.79613,54.7,0.12,6,1.2,360,20.0,7,-64.0,1.0,-84.0,84.0,98.603,5,20.9807467,105.796265,17.05
2026-09-10T08:43:01.494279+00:00,DU,417,1,1,20.9804,105.7955733,41.0,0.03,6,1.2,540,20.0,7,-42.0,9.3,-62.0,62.0,98.88,4,20.9807467,105.796265,77.96
2026-09-10T08:43:02.611933+00:00,SU,522,1,1,20.9806583,105.7961083,55.0,0.14,6,1.2,360,20.0,7,-63.0,1.0,-83.0,83.0,98.607,5,20.9807467,105.796265,17.05
2026-09-10T08:43:06.519744+00:00,DU,418,1,1,20.9804283,105.7956267,40.8,0.02,6,1.2,560,20.0,7,-41.0,9.5,-61.0,61.0,98.883,4,20.9807467,105.796265,77.12
2026-09-10T08:43:07.612168+00:00,SU,523,1,1,20.98065,105.796085,54.6,0.1,6,1.2,360,20.0,7,-64.0,1.5,-84.0,84.0,98.611,5,20.9807467,105.796265,19.01
2026-09-10T08:43:11.544502+00:00,DU,419,1,1,20.9804483,105.7956433,42.6,0.24,6,1.2,590,20.0,7,-40.0,9.5,-60.0,60.0,98.886,4,20.9807467,105.796265,75.13
2026-09-10T08:43:12.611637+00:00,SU,524,1,1,20.980645,105.7960567,56.5,0.07,6,1.2,360,20.0,7,-63.0,1.5,-83.0,83.0,98.615,5,20.9807467,105.796265,21.56
2026-09-10T08:43:16.569138+00:00,DU,420,1,1,20.9804567,105.795625,43.9,0.15,6,1.2,610,20.0,7,-42.0,9.3,-62.0,62.0,98.889,4,20.9807467,105.796265,74.11
2026-09-10T08:43:17.612065+00:00,SU,525,1,1,20.9806233,105.7959867,58.7,0.03,6,1.2,360,20.0,7,-64.0,0.8,-84.0,84.0,98.619,5,20.9807467,105.796265,24.4
2026-09-10T08:43:21.594091+00:00,DU,421,1,0,20.9804633,105.795575,43.5,0.18,5,3.2,640,20.0,7,-41.0,10.0,-61.0,61.0,98.892,4,20.9807467,105.796265,
2026-09-10T08:43:22.611921+00:00,SU,526,1,1,20.9806383,105.796025,58.7,0.07,6,1.2,360,20.0,7,-64.0,1.0,-84.0,84.0,98.623,5,20.9807467,105.796265,27.68
2026-09-10T08:43:26.620953+00:00,DU,422,1,0,20.9805133,105.7955933,44.2,0.19,5,3.2,660,20.0,7,-41.0,10.0,-61.0,61.0,98.895,4,20.9807467,105.796265,
2026-09-10T08:43:27.611606+00:00,SU,527,1,1,20.980635,105.7960083,58.6,0.12,6,1.2,360,20.0,7,-64.0,0.8,-84.0,84.0,98.626,5,20.9807467,105.796265,29.4
2026-09-10T08:43:31.645961+00:00,DU,423,1,1,20.9805517,105.7956217,45.4,0.22,6,1.2,690,20.0,7,-42.0,8.8,-62.0,62.0,98.898,4,20.9807467,105.796265,
2026-09-10T08:43:32.611247+00:00,SU,528,1,1,20.980645,105.7960333,59.8,0.02,6,1.2,360,20.0,7,-64.0,1.0,-84.0,84.0,98.63,5,20.9807467,105.796265,27.68
2026-09-10T08:43:36.669208+00:00,DU,424,1,1,20.9805783,105.7956117,44.5,0.07,5,1.4,720,20.0,7,-41.0,9.5,-61.0,61.0,98.901,4,20.9807467,105.796265,
2026-09-10T08:43:37.611502+00:00,SU,529,1,1,20.9806583,105.7960667,61.3,0.16,6,1.2,360,20.0,7,-64.0,0.8,-84.0,84.0,98.634,5,20.9807467,105.796265,26.58
2026-09-10T08:43:41.693855+00:00,DU,425,1,1,20.9805983,105.7956167,43.7,0.29,6,1.2,740,20.0,7,-42.0,9.8,-62.0,62.0,98.904,4,20.9807467,105.796265,69.86
2026-09-10T08:43:42.611690+00:00,SU,530,1,1,20.9806633,105.7960767,61.8,0.03,6,1.2,360,20.0,7,-64.0,0.5,-84.0,84.0,98.638,5,20.9807467,105.796265,22.81
2026-09-10T08:43:46.719752+00:00,DU,426,1,1,20.9805733,105.7956283,45.0,0.12,6,1.2,760,20.0,7,-41.0,9.3,-61.0,61.0,98.907,4,20.9807467,105.796265,69.86
2026-09-10T08:43:47.611411+00:00,SU,531,1,1,20.9806667,105.7960817,62.6,0.04,6,1.2,360,20.0,7,-63.0,1.5,-83.0,83.0,98.641,5,20.9807467,105.796265,21.64
2026-09-10T08:43:51.745386+00:00,DU,427,1,1,20.9805533,105.795645,46.7,0.21,6,1.2,790,20.0,7,-42.0,9.3,-62.0,62.0,98.91,4,20.9807467,105.796265,68.86
2026-09-10T08:43:52.611328+00:00,SU,532,1,1,20.9806583,105.7960567,63.1,0.05,6,1.2,360,20.0,7,-64.0,0.5,-84.0,84.0,98.645,5,20.9807467,105.796265,21.64
2026-09-10T08:43:56.770943+00:00,DU,428,1,1,20.9805317,105.7956817,48.1,0.16,6,1.2,810,20.0,7,-41.0,10.0,-61.0,61.0,98.913,4,20.9807467,105.796265,67.87
2026-09-10T08:43:57.611394+00:00,SU,533,1,1,20.9806517,105.7960033,65.5,0.13,6,1.2,360,20.0,7,-64.0,1.0,-84.0,84.0,98.649,5,20.9807467,105.796265,23.76
2026-09-10T08:44:01.795747+00:00,DU,429,1,1,20.98053,105.7957283,49.9,0.2,6,1.2,840,20.0,7,-41.0,10.0,-61.0,61.0,98.916,4,20.9807467,105.796265,65.11
2026-09-10T08:44:02.611553+00:00,SU,534,1,1,20.98065,105.7959367,71.9,0.23,5,1.3,360,20.0,7,-64.0,0.8,-84.0,84.0,98.652,5,20.9807467,105.796265,29.15
2026-09-10T08:44:06.821649+00:00,DU,430,1,1,20.9805083,105.7957317,50.2,0.21,6,1.2,0,20.0,7,-41.0,9.3,-61.0,61.0,98.919,4,20.9807467,105.796265,60.71
2026-09-10T08:44:07.611848+00:00,SU,535,1,1,20.9806433,105.7959017,74.3,0.07,6,1.2,360,20.0,7,-64.0,0.8,-84.0,84.0,98.656,5,20.9807467,105.796265,35.74
2026-09-10T08:44:11.847054+00:00,DU,431,1,1,20.9804917,105.7957133,50.1,0.2,6,1.2,30,20.0,7,-40.0,9.8,-60.0,60.0,98.922,4,20.9807467,105.796265,61.71
2026-09-10T08:44:12.611226+00:00,SU,536,1,1,20.9806383,105.7958917,75.4,0.03,6,1.2,360,20.0,7,-64.0,1.3,-84.0,84.0,98.66,5,20.9807467,105.796265,39.43
2026-09-10T08:44:16.872998+00:00,DU,432,1,1,20.98047,105.7956917,50.0,0.12,6,1.2,60,20.0,7,-41.0,10.0,-61.0,61.0,98.925,4,20.9807467,105.796265,63.91
2026-09-10T08:44:17.610773+00:00,SU,537,1,1,20.9806567,105.79594,77.0,0.09,5,1.7,360,20.0,7,-64.0,1.3,-84.0,84.0,98.663,5,20.9807467,105.796265,39.43
2026-09-10T08:44:21.897620+00:00,DU,433,1,1,20.9804867,105.79566,48.8,0.26,6,1.2,80,20.0,7,-41.0,10.0,-61.0,61.0,98.928,4,20.9807467,105.796265,66.17
2026-09-10T08:44:22.610669+00:00,SU,538,1,1,20.98068,105.796,78.2,0.21,6,1.2,360,20.0,7,-64.0,1.0,-84.0,84.0,98.667,5,20.9807467,105.796265,35.2
2026-09-10T08:44:26.923447+00:00,DU,434,1,1,20.9804933,105.7956917,47.6,0.22,6,1.2,110,20.0,7,-43.0,9.3,-63.0,63.0,98.93,4,20.9807467,105.796265,66.17
2026-09-10T08:44:27.611178+00:00,SU,539,1,1,20.9806883,105.796025,78.5,0.0,5,1.9,360,20.0,7,-64.0,0.8,-84.0,84.0,98.67,5,20.9807467,105.796265,28.5
2026-09-10T08:44:31.948975+00:00,DU,435,1,1,20.98053,105.7957417,45.1,0.44,6,1.2,130,20.0,7,-41.0,9.8,-61.0,61.0,98.933,4,20.9807467,105.796265,65.85
2026-09-10T08:44:32.611034+00:00,SU,540,1,1,20.98069,105.7960283,78.6,0.0,6,1.2,360,20.0,7,-64.0,1.0,-84.0,84.0,98.674,5,20.9807467,105.796265,25.75
2026-09-10T08:44:36.973714+00:00,DU,436,1,1,20.9805467,105.7957817,42.0,0.06,6,1.2,160,20.0,7,-40.0,9.5,-60.0,60.0,98.936,4,20.9807467,105.796265,59.43
2026-09-10T08:44:37.610631+00:00,SU,541,1,1,20.9806817,105.796005,78.9,0.02,6,1.2,360,20.0,7,-64.0,0.8,-84.0,84.0,98.677,5,20.9807467,105.796265,25.75
2026-09-10T08:44:42.000214+00:00,DU,437,1,1,20.9805667,105.795835,40.0,0.56,6,1.2,180,20.0,7,-40.0,9.3,-60.0,60.0,98.939,4,20.9807467,105.796265,54.88
2026-09-10T08:44:42.610920+00:00,SU,542,1,1,20.980675,105.7959867,79.0,0.05,6,1.2,360,20.0,7,-64.0,0.0,-84.0,84.0,98.681,5,20.9807467,105.796265,27.94
2026-09-10T08:44:47.026265+00:00,DU,438,1,1,20.9805633,105.7959783,42.3,0.38,6,1.2,210,20.0,7,-40.0,9.0,-60.0,60.0,98.942,4,20.9807467,105.796265,49.08
2026-09-10T08:44:47.611136+00:00,SU,543,1,1,20.9806783,105.796,79.0,0.0,6,1.2,360,20.0,7,-64.0,0.5,-84.0,84.0,98.684,5,20.9807467,105.796265,28.54
2026-09-10T08:44:52.049880+00:00,DU,439,1,1,20.9805517,105.796075,44.3,0.76,6,1.2,230,20.0,7,-41.0,9.3,-61.0,61.0,98.945,4,20.9807467,105.796265,36.08
2026-09-10T08:44:52.611922+00:00,SU,544,1,1,20.9806783,105.796,79.0,0.0,6,1.2,360,20.0,7,-62.0,8.0,-82.0,82.0,98.688,5,20.9807467,105.796265,28.54
2026-09-10T08:44:57.075561+00:00,DU,440,1,1,20.9805333,105.7961217,45.3,0.47,6,1.2,260,20.0,7,-41.0,9.0,-61.0,61.0,98.947,4,20.9807467,105.796265,29.31
2026-09-10T08:44:57.611002+00:00,SU,545,1,1,20.98068,105.7960033,79.0,0.0,6,1.2,360,20.0,7,-63.0,1.0,-83.0,83.0,98.691,5,20.9807467,105.796265,28.54
2026-09-10T08:45:02.102335+00:00,DU,441,1,1,20.9805217,105.79613,46.2,0.24,6,1.2,290,20.0,7,-42.0,9.5,-62.0,62.0,98.95,4,20.9807467,105.796265,28.01
2026-09-10T08:45:02.610376+00:00,SU,546,1,1,20.98068,105.7960033,79.0,0.0,6,1.2,360,20.0,7,-64.0,1.3,-84.0,84.0,98.695,5,20.9807467,105.796265,28.16
2026-09-10T08:45:07.127465+00:00,DU,442,1,1,20.980555,105.7961717,45.5,0.34,6,1.2,310,20.0,7,-41.0,9.5,-61.0,61.0,98.953,4,20.9807467,105.796265,27.56
2026-09-10T08:45:07.610044+00:00,SU,547,1,1,20.9806783,105.795995,79.3,0.05,6,1.2,360,20.0,7,-64.0,0.5,-84.0,84.0,98.698,5,20.9807467,105.796265,28.16
2026-09-10T08:45:12.153985+00:00,DU,443,1,1,20.98059,105.7962167,44.6,0.1,6,1.2,340,20.0,7,-40.0,9.8,-60.0,60.0,98.956,4,20.9807467,105.796265,23.41
2026-09-10T08:45:12.610738+00:00,SU,548,1,1,20.98068,105.796,79.6,0.15,6,1.2,360,20.0,7,-64.0,0.5,-84.0,84.0,98.701,5,20.9807467,105.796265,28.5
2026-09-10T08:45:17.177846+00:00,DU,444,1,1,20.9806133,105.7962283,44.2,0.62,6,1.2,360,20.0,7,-42.0,9.3,-62.0,62.0,98.958,4,20.9807467,105.796265,18.13
2026-09-10T08:45:17.610545+00:00,SU,549,1,1,20.9806783,105.7959917,79.9,0.07,6,1.2,360,20.0,7,-66.0,0.3,-86.0,86.0,98.705,5,20.9807467,105.796265,29.05
2026-09-10T08:45:22.202664+00:00,DU,445,1,1,20.980625,105.79618,43.3,0.39,6,1.2,20,20.0,7,-40.0,9.5,-60.0,60.0,98.961,4,20.9807467,105.796265,15.66
2026-09-10T08:45:22.610140+00:00,SU,550,1,1,20.9806783,105.7959883,80.2,0.13,6,1.2,360,20.0,7,-64.0,0.8,-84.0,84.0,98.708,5,20.9807467,105.796265,29.38
2026-09-10T08:45:27.228467+00:00,DU,446,1,1,20.9806433,105.796085,43.3,0.07,6,1.2,40,20.0,7,-40.0,9.0,-60.0,60.0,98.964,4,20.9807467,105.796265,16.16
2026-09-10T08:45:27.610365+00:00,SU,551,1,1,20.9806817,105.7959933,80.4,0.19,6,1.2,360,20.0,7,-64.0,-0.3,-84.0,84.0,98.711,5,20.9807467,105.796265,29.38
2026-09-10T08:45:32.252666+00:00,DU,447,1,1,20.9806283,105.7960133,42.9,0.2,6,1.2,70,20.0,7,-40.0,9.0,-60.0,60.0,98.966,4,20.9807467,105.796265,22.86
2026-09-10T08:45:32.609704+00:00,SU,552,1,1,20.98068,105.795985,80.0,0.24,6,1.2,360,20.0,7,-64.0,0.0,-84.0,84.0,98.715,5,20.9807467,105.796265,29.67
2026-09-10T08:45:37.277637+00:00,DU,448,1,1,20.9806233,105.795975,42.8,0.33,6,1.2,90,20.0,7,-40.0,9.5,-60.0,60.0,98.969,4,20.9807467,105.796265,29.26
2026-09-10T08:45:37.610508+00:00,SU,553,1,1,20.9806783,105.795985,79.7,0.2,6,1.2,360,20.0,7,-64.0,0.5,-84.0,84.0,98.718,5,20.9807467,105.796265,30.0
2026-09-10T08:45:42.302552+00:00,DU,449,1,1,20.98062,105.7959283,42.4,0.3,6,1.2,120,20.0,7,-41.0,9.5,-61.0,61.0,98.972,4,20.9807467,105.796265,33.09
2026-09-10T08:45:42.610546+00:00,SU,554,1,1,20.980685,105.7959983,79.4,0.05,6,1.2,360,20.0,7,-65.0,-0.8,-85.0,85.0,98.721,5,20.9807467,105.796265,30.0
2026-09-10T08:45:47.326928+00:00,DU,450,1,1,20.9806133,105.7958767,41.8,0.25,6,1.2,140,20.0,7,-40.0,9.0,-60.0,60.0,98.974,4,20.9807467,105.796265,37.69
2026-09-10T08:45:47.609997+00:00,SU,555,1,1,20.9806983,105.7960283,79.9,0.14,6,1.2,360,20.0,7,-63.0,1.5,-83.0,83.0,98.724,5,20.9807467,105.796265,28.53
2026-09-10T08:45:52.352506+00:00,DU,451,1,1,20.9805867,105.795785,40.7,0.38,5,1.4,170,20.0,7,-42.0,9.8,-62.0,62.0,98.977,4,20.9807467,105.796265,42.96
2026-09-10T08:45:52.609610+00:00,SU,556,1,0,20.9807083,105.7960567,79.8,0.25,4,2.1,360,20.0,7,-65.0,-0.8,-85.0,85.0,98.728,5,20.9807467,105.796265,
2026-09-10T08:45:57.377787+00:00,DU,452,1,1,20.9805317,105.7956517,38.5,0.26,6,1.2,190,20.0,7,-42.0,9.5,-62.0,62.0,98.98,4,20.9807467,105.796265,52.92
2026-09-10T08:45:57.610431+00:00,SU,557,1,1,20.980715,105.7960767,79.1,0.11,5,1.9,360,20.0,7,-63.0,6.8,-83.0,83.0,98.731,5,20.9807467,105.796265,
2026-09-10T08:46:02.402829+00:00,DU,453,1,1,20.980505,105.7955767,37.1,0.14,6,1.2,220,20.0,7,-41.0,9.0,-61.0,61.0,98.982,4,20.9807467,105.796265,68.01
2026-09-10T08:46:02.610119+00:00,SU,558,1,1,20.980695,105.7960317,78.0,0.12,5,1.9,360,20.0,7,-65.0,-0.5,-85.0,85.0,98.734,5,20.9807467,105.796265,
2026-09-10T08:46:07.427983+00:00,DU,454,1,1,20.98049,105.7955383,35.9,0.33,6,1.2,240,20.0,7,-43.0,9.8,-63.0,63.0,98.985,4,20.9807467,105.796265,76.35
2026-09-10T08:46:07.609867+00:00,SU,559,1,1,20.980695,105.7960367,77.5,0.13,6,1.2,360,20.0,7,-65.0,0.3,-85.0,85.0,98.737,5,20.9807467,105.796265,24.39
2026-09-10T08:46:12.452492+00:00,DU,455,1,1,20.9804733,105.795505,34.6,0.07,6,1.2,270,20.0,7,-41.0,9.8,-61.0,61.0,98.987,4,20.9807467,105.796265,80.67
2026-09-10T08:46:12.609498+00:00,SU,560,1,1,20.9806967,105.7960517,77.0,0.17,6,1.2,360,20.0,7,-64.0,0.5,-84.0,84.0,98.741,5,20.9807467,105.796265,24.39
2026-09-10T08:46:17.477125+00:00,DU,456,1,1,20.980485,105.795535,34.5,0.54,6,1.2,290,20.0,7,-41.0,9.8,-61.0,61.0,98.99,4,20.9807467,105.796265,81.19
2026-09-10T08:46:17.609329+00:00,SU,561,1,1,20.9807017,105.7960767,76.1,0.22,6,1.2,360,20.0,7,-62.0,3.0,-82.0,82.0,98.744,5,20.9807467,105.796265,22.83
2026-09-10T08:46:22.502720+00:00,DU,457,1,1,20.9805,105.7955933,33.9,0.49,6,1.2,320,20.0,7,-40.0,9.0,-60.0,60.0,98.992,4,20.9807467,105.796265,81.19
2026-09-10T08:46:22.609882+00:00,SU,562,1,1,20.9807083,105.7961033,75.2,0.13,5,1.2,360,20.0,7,-64.0,1.0,-84.0,84.0,98.747,5,20.9807467,105.796265,20.18
2026-09-10T08:46:27.526559+00:00,DU,458,1,1,20.9804983,105.79562,33.3,0.27,6,1.2,340,20.0,7,-41.0,9.5,-61.0,61.0,98.995,4,20.9807467,105.796265,75.01
2026-09-10T08:46:27.609671+00:00,SU,563,1,1,20.980725,105.796145,75.3,0.13,6,1.2,360,20.0,7,-63.0,1.5,-83.0,83.0,98.75,5,20.9807467,105.796265,17.32
2026-09-10T08:46:32.551427+00:00,DU,459,1,1,20.9804933,105.7956183,32.3,0.12,6,1.2,370,20.0,7,-42.0,9.5,-62.0,62.0,98.997,4,20.9807467,105.796265,72.6
2026-09-10T08:46:32.610750+00:00,SU,564,1,1,20.9807467,105.7961983,75.6,0.11,6,1.2,360,20.0,7,-63.0,1.8,-83.0,83.0,98.753,5,20.9807467,105.796265,12.69
2026-09-10T08:46:37.577002+00:00,DU,460,1,1,20.9805,105.795615,32.0,0.28,6,1.2,390,20.0,7,-42.0,9.3,-62.0,62.0,99.0,4,20.9807467,105.796265,72.6
2026-09-10T08:46:37.610666+00:00,SU,565,1,1,20.98076,105.79624,74.4,0.22,6,1.2,360,20.0,7,-63.0,1.3,-83.0,83.0,98.756,5,20.9807467,105.796265,6.92
2026-09-10T08:46:42.601782+00:00,DU,461,1,1,20.98049,105.7955967,31.4,0.1,6,1.2,420,20.0,7,-41.0,9.5,-61.0,61.0,99.002,4,20.9807467,105.796265,73.13
2026-09-10T08:46:52.609573+00:00,SU,568,1,1,20.98072,105.796225,64.6,0.06,5,1.7,360,20.0,7,-62.0,7.8,-82.0,82.0,98.272,7,20.9807467,105.796265,4.15
2026-09-10T08:46:52.651282+00:00,DU,463,1,1,20.9804617,105.7955333,29.5,0.29,6,1.2,470,20.0,7,-42.0,9.0,-62.0,62.0,98.759,5,20.9807467,105.796265,75.03
2026-09-10T08:46:57.609984+00:00,SU,569,1,1,20.9807167,105.796245,60.7,0.04,6,1.2,360,20.0,7,-64.0,0.5,-84.0,84.0,98.276,7,20.9807467,105.796265,3.94
2026-09-10T08:46:57.676015+00:00,DU,464,1,1,20.9804517,105.79551,28.5,0.35,6,1.3,490,20.0,7,-42.0,9.0,-62.0,62.0,98.762,5,20.9807467,105.796265,82.31
2026-09-10T08:47:02.608840+00:00,SU,570,1,1,20.98072,105.79625,61.2,0.03,6,1.2,360,20.0,7,-64.0,0.3,-84.0,84.0,98.28,7,20.9807467,105.796265,3.62
2026-09-10T08:47:02.702027+00:00,DU,465,1,1,20.9804567,105.7955183,28.2,0.29,6,1.3,520,20.0,7,-41.0,9.8,-61.0,61.0,98.765,5,20.9807467,105.796265,83.96
2026-09-10T08:47:07.609852+00:00,SU,571,1,1,20.9807117,105.7962333,61.1,0.12,6,1.2,350,20.0,7,-64.0,0.5,-84.0,84.0,98.284,7,20.9807467,105.796265,3.93
2026-09-10T08:47:07.727479+00:00,DU,466,1,1,20.980475,105.7955467,28.2,0.18,6,1.3,540,20.0,7,-41.0,9.3,-61.0,61.0,98.768,5,20.9807467,105.796265,83.96
2026-09-10T08:47:12.609652+00:00,SU,572,1,1,20.9807017,105.7962,61.8,0.01,5,1.8,360,20.0,7,-64.0,0.8,-84.0,84.0,98.289,7,20.9807467,105.796265,5.1
2026-09-10T08:47:12.752297+00:00,DU,467,1,1,20.9804633,105.7955267,27.6,0.14,6,1.3,570,20.0,7,-42.0,9.0,-62.0,62.0,98.771,5,20.9807467,105.796265,82.88
2026-09-10T08:47:17.609102+00:00,SU,573,1,1,20.98069,105.79616,63.5,0.09,6,1.2,360,20.0,7,-64.0,0.0,-84.0,84.0,98.293,7,20.9807467,105.796265,8.4
2026-09-10T08:47:17.778373+00:00,DU,468,1,1,20.9804483,105.7955017,26.9,0.02,6,1.3,590,20.0,7,-41.0,9.5,-61.0,61.0,98.775,5,20.9807467,105.796265,82.88
2026-09-10T08:47:22.608521+00:00,SU,574,1,1,20.9806883,105.796145,64.8,0.03,6,1.2,360,20.0,7,-64.0,0.8,-84.0,84.0,98.297,7,20.9807467,105.796265,12.59
2026-09-10T08:47:22.803814+00:00,DU,469,1,1,20.9804433,105.7954967,26.7,0.08,6,1.3,620,20.0,7,-42.0,9.0,-62.0,62.0,98.778,5,20.9807467,105.796265,85.91
2026-09-10T08:47:27.609482+00:00,SU,575,1,1,20.9806767,105.7961117,65.9,0.22,6,1.2,360,20.0,7,-61.0,7.5,-81.0,81.0,98.301,7,20.9807467,105.796265,14.05
2026-09-10T08:47:27.829545+00:00,DU,470,1,1,20.980445,105.7955,26.8,0.22,6,1.3,10,20.0,7,-41.0,9.8,-61.0,61.0,98.78,5,20.9807467,105.796265,86.22
2026-09-10T08:47:32.609698+00:00,SU,576,1,1,20.9806533,105.7960467,67.3,0.21,6,1.2,360,20.0,7,-62.0,2.8,-82.0,82.0,98.305,7,20.9807467,105.796265,17.72
2026-09-10T08:47:32.854317+00:00,DU,471,1,1,20.9804417,105.79549,26.7,0.15,6,1.3,40,20.0,7,-41.0,9.0,-61.0,61.0,98.783,5,20.9807467,105.796265,86.61
2026-09-10T08:47:37.609270+00:00,SU,577,1,1,20.98065,105.796035,68.0,0.12,6,1.2,360,20.0,7,-64.0,0.3,-84.0,84.0,98.309,7,20.9807467,105.796265,24.93
2026-09-10T08:47:37.879717+00:00,DU,472,1,1,20.980435,105.79548,26.4,0.44,6,1.3,70,20.0,7,-41.0,9.8,-61.0,61.0,98.786,5,20.9807467,105.796265,87.32
2026-09-10T08:47:42.608833+00:00,SU,578,1,1,20.9806567,105.79606,67.7,0.1,6,1.2,360,20.0,7,-64.0,0.5,-84.0,84.0,98.313,7,20.9807467,105.796265,24.93
2026-09-10T08:47:42.905462+00:00,DU,473,1,1,20.980435,105.7954767,26.3,0.54,6,1.3,90,20.0,7,-41.0,9.8,-61.0,61.0,98.789,5,20.9807467,105.796265,88.56
2026-09-10T08:47:47.608775+00:00,SU,579,1,1,20.980655,105.79606,66.9,0.16,6,1.2,360,20.0,7,-64.0,0.3,-84.0,84.0,98.317,7,20.9807467,105.796265,23.6
2026-09-10T08:47:47.931138+00:00,DU,474,1,1,20.9804333,105.79546,26.0,0.22,6,1.3,120,20.0,7,-41.0,9.0,-61.0,61.0,98.792,5,20.9807467,105.796265,88.88
2026-09-10T08:47:52.608925+00:00,SU,580,1,1,20.9806433,105.7960333,66.4,0.23,6,1.2,360,20.0,7,-62.0,7.3,-82.0,82.0,98.321,7,20.9807467,105.796265,23.6
2026-09-10T08:47:52.955872+00:00,DU,475,1,1,20.9804233,105.7954283,25.8,0.21,6,1.3,0,20.0,7,-41.0,9.5,-61.0,61.0,98.795,5,20.9807467,105.796265,90.55
2026-09-10T08:47:57.608638+00:00,SU,581,1,1,20.9806333,105.7960083,66.1,0.05,6,1.2,360,20.0,7,-64.0,0.0,-84.0,84.0,98.325,7,20.9807467,105.796265,26.66
2026-09-10T08:47:57.980810+00:00,DU,476,1,1,20.9804183,105.7954183,25.9,0.0,6,1.3,620,20.0,7,-42.0,9.0,-62.0,62.0,98.798,5,20.9807467,105.796265,94.02
2026-09-10T08:48:02.608397+00:00,SU,582,1,1,20.9806317,105.79601,65.6,0.0,6,1.2,360,20.0,7,-63.0,7.3,-83.0,83.0,98.329,7,20.9807467,105.796265,29.32
2026-09-10T08:48:03.005451+00:00,DU,477,1,1,20.9804233,105.7954267,26.2,0.0,6,1.3,650,20.0,7,-41.0,9.8,-61.0,61.0,98.801,5,20.9807467,105.796265,94.17
2026-09-10T08:48:07.608397+00:00,SU,583,1,1,20.9806367,105.79603,65.1,0.13,6,1.2,350,20.0,7,-65.0,0.0,-85.0,85.0,98.333,7,20.9807467,105.796265,29.32
2026-09-10T08:48:08.030918+00:00,DU,478,1,1,20.98043,105.7954383,26.6,0.0,6,1.3,670,20.0,7,-41.0,9.5,-61.0,61.0,98.804,5,20.9807467,105.796265,94.17
2026-09-10T08:48:12.609104+00:00,SU,584,1,1,20.9806367,105.7960383,63.9,0.14,6,1.2,360,20.0,7,-64.0,0.3,-84.0,84.0,98.337,7,20.9807467,105.796265,27.29
2026-09-10T08:48:13.056991+00:00,DU,479,1,1,20.9804367,105.7954467,26.8,0.0,6,1.3,700,20.0,7,-42.0,9.0,-62.0,62.0,98.807,5,20.9807467,105.796265,92.77
2026-09-10T08:48:17.608819+00:00,SU,585,1,1,20.9806367,105.7960483,62.9,0.11,6,1.2,360,20.0,7,-64.0,-0.3,-84.0,84.0,98.341,7,20.9807467,105.796265,26.53
2026-09-10T08:48:18.080978+00:00,DU,480,1,1,20.9804433,105.7954433,25.2,0.27,5,1.4,730,20.0,7,-41.0,9.3,-61.0,61.0,98.81,5,20.9807467,105.796265,92.01
2026-09-10T08:48:22.608568+00:00,SU,586,1,1,20.9806433,105.79607,62.7,0.0,6,1.2,360,20.0,7,-64.0,0.5,-84.0,84.0,98.345,7,20.9807467,105.796265,25.61
2026-09-10T08:48:23.105630+00:00,DU,481,1,1,20.98046,105.7954433,23.5,0.05,6,1.3,750,20.0,7,-42.0,9.0,-62.0,62.0,98.812,5,20.9807467,105.796265,91.74
2026-09-10T08:48:27.608356+00:00,SU,587,1,1,20.9806433,105.79607,62.7,0.0,6,1.2,360,20.0,7,-64.0,-0.5,-84.0,84.0,98.349,7,20.9807467,105.796265,23.28
2026-09-10T08:48:28.131236+00:00,DU,482,1,1,20.9804667,105.7954633,22.5,0.12,6,1.3,770,20.0,7,-41.0,9.0,-61.0,61.0,98.815,5,20.9807467,105.796265,91.07
2026-09-10T08:48:32.607736+00:00,SU,588,1,1,20.9806433,105.7960717,62.6,0.0,6,1.2,360,20.0,7,-64.0,0.3,-84.0,84.0,98.353,7,20.9807467,105.796265,23.28
2026-09-10T08:48:33.157368+00:00,DU,483,1,1,20.9804267,105.795485,22.0,0.05,6,1.3,800,20.0,7,-42.0,9.8,-62.0,62.0,98.818,5,20.9807467,105.796265,89.13
2026-09-10T08:48:37.608439+00:00,SU,589,1,1,20.98065,105.7960933,61.9,0.14,6,1.2,350,20.0,7,-64.0,0.3,-84.0,84.0,98.357,7,20.9807467,105.796265,23.13
2026-09-10T08:48:38.183512+00:00,DU,484,1,1,20.980395,105.7955183,22.8,0.04,6,1.3,820,20.0,7,-41.0,9.8,-61.0,61.0,98.821,5,20.9807467,105.796265,88.45
2026-09-10T08:48:42.608649+00:00,SU,590,1,1,20.98066,105.7961217,61.1,0.07,6,1.2,360,20.0,7,-63.0,1.5,-83.0,83.0,98.361,7,20.9807467,105.796265,20.82
2026-09-10T08:48:43.207685+00:00,DU,485,1,1,20.980385,105.7955333,23.0,0.0,6,1.3,850,20.0,7,-40.0,9.8,-60.0,60.0,98.824,5,20.9807467,105.796265,86.83
2026-09-10T08:48:47.608171+00:00,SU,591,1,1,20.98066,105.7961233,61.2,0.0,6,1.2,360,20.0,7,-64.0,0.8,-84.0,84.0,98.364,7,20.9807467,105.796265,17.73
2026-09-10T08:48:48.232859+00:00,DU,486,1,1,20.9803867,105.795535,23.0,0.0,6,1.3,20,20.0,7,-43.0,9.5,-63.0,63.0,98.826,5,20.9807467,105.796265,85.87
2026-09-10T08:48:52.608060+00:00,SU,592,1,1,20.98066,105.7961233,61.1,0.0,6,1.2,350,20.0,7,-64.0,0.8,-84.0,84.0,98.368,7,20.9807467,105.796265,17.59
2026-09-10T08:48:53.257607+00:00,DU,487,1,1,20.980385,105.795535,23.1,0.0,5,1.4,40,20.0,7,-43.0,9.0,-63.0,63.0,98.829,5,20.9807467,105.796265,85.8
2026-09-10T08:48:57.608793+00:00,SU,593,1,1,20.98066,105.7961233,61.1,0.0,6,1.2,350,20.0,7,-64.0,0.3,-84.0,84.0,98.372,7,20.9807467,105.796265,17.59
2026-09-10T08:48:58.284322+00:00,DU,488,1,1,20.980385,105.795535,23.1,0.0,6,1.3,70,20.0,7,-43.0,9.8,-63.0,63.0,98.832,5,20.9807467,105.796265,85.8
2026-09-10T08:49:02.608184+00:00,SU,594,1,1,20.980655,105.7961117,61.5,0.02,6,1.2,360,20.0,7,-64.0,1.0,-84.0,84.0,98.376,7,20.9807467,105.796265,17.59
2026-09-10T08:49:03.309135+00:00,DU,489,1,1,20.98038,105.795495,20.9,0.22,6,1.3,90,20.0,7,-43.0,10.0,-63.0,63.0,98.834,5,20.9807467,105.796265,85.8
2026-09-10T08:49:07.607769+00:00,SU,595,1,1,20.9806567,105.796125,61.4,0.04,6,1.2,350,20.0,7,-62.0,8.0,-82.0,82.0,98.38,7,20.9807467,105.796265,17.79
2026-09-10T08:49:08.333718+00:00,DU,490,1,1,20.9803817,105.795465,18.6,0.05,6,1.3,120,20.0,7,-42.0,9.5,-62.0,62.0,98.837,5,20.9807467,105.796265,89.66
2026-09-10T08:49:12.607620+00:00,SU,596,1,1,20.9806567,105.796125,61.4,0.0,6,1.2,350,20.0,7,-63.0,1.5,-83.0,83.0,98.383,7,20.9807467,105.796265,17.65
2026-09-10T08:49:13.358860+00:00,DU,491,1,1,20.98038,105.79546,17.4,0.15,6,1.3,0,20.0,7,-42.0,9.5,-62.0,62.0,98.84,5,20.9807467,105.796265,92.53
2026-09-10T08:49:17.607694+00:00,SU,597,1,1,20.9806567,105.796125,61.4,0.0,6,1.2,350,20.0,7,-64.0,0.0,-84.0,84.0,98.387,7,20.9807467,105.796265,17.65
2026-09-10T08:49:18.383320+00:00,DU,492,1,1,20.9803817,105.7954867,17.9,0.08,6,1.3,30,20.0,7,-41.0,10.3,-61.0,61.0,98.843,5,20.9807467,105.796265,92.44
2026-09-10T08:49:22.609076+00:00,SU,598,1,1,20.9806583,105.7961267,61.3,0.0,6,1.2,360,20.0,7,-64.0,0.5,-84.0,84.0,98.391,7,20.9807467,105.796265,17.65
2026-09-10T08:49:23.408936+00:00,DU,493,1,1,20.9803883,105.795495,17.3,0.0,6,1.3,50,20.0,7,-41.0,10.0,-61.0,61.0,98.845,5,20.9807467,105.796265,90.43
2026-09-10T08:49:27.608824+00:00,SU,599,1,1,20.9806583,105.7961267,61.3,0.0,6,1.2,350,20.0,7,-64.0,0.3,-84.0,84.0,98.394,7,20.9807467,105.796265,17.4
2026-09-10T08:49:28.433968+00:00,DU,494,1,1,20.980395,105.795495,16.4,0.13,6,1.3,80,20.0,7,-41.0,9.8,-61.0,61.0,98.848,5,20.9807467,105.796265,89.33
2026-09-10T08:49:32.608546+00:00,SU,600,1,1,20.9806583,105.7961283,61.3,0.0,6,1.2,360,20.0,7,-65.0,-0.5,-85.0,85.0,98.398,7,20.9807467,105.796265,17.4
2026-09-10T08:49:33.458923+00:00,DU,495,1,1,20.980395,105.795495,16.2,0.0,6,1.3,100,20.0,7,-41.0,10.3,-61.0,61.0,98.851,5,20.9807467,105.796265,89.0
2026-09-10T08:49:37.608279+00:00,SU,601,1,1,20.9806533,105.79612,62.3,0.12,6,1.2,350,20.0,7,-65.0,0.0,-85.0,85.0,98.402,7,20.9807467,105.796265,17.4
2026-09-10T08:49:38.483373+00:00,DU,496,1,1,20.980395,105.7954967,16.2,0.0,6,1.3,120,20.0,7,-42.0,9.3,-62.0,62.0,98.853,5,20.9807467,105.796265,89.0
2026-09-10T08:49:42.606941+00:00,SU,602,1,1,20.98065,105.7961167,62.4,0.09,5,1.2,360,20.0,7,-64.0,-0.3,-84.0,84.0,98.405,7,20.9807467,105.796265,18.29
2026-09-10T08:49:43.508038+00:00,DU,497,1,1,20.980395,105.7954967,16.3,0.0,6,1.3,150,20.0,7,-41.0,9.0,-61.0,61.0,98.856,5,20.9807467,105.796265,88.84
2026-09-10T08:49:47.607624+00:00,SU,603,1,1,20.98065,105.7961283,62.5,0.05,6,1.2,350,20.0,7,-63.0,0.3,-83.0,83.0,98.409,7,20.9807467,105.796265,18.5
2026-09-10T08:49:48.534664+00:00,DU,498,1,1,20.980395,105.7954983,16.8,0.08,6,1.3,180,20.0,7,-41.0,9.5,-61.0,61.0,98.858,5,20.9807467,105.796265,88.84
2026-09-10T08:49:52.607620+00:00,SU,604,1,1,20.9806433,105.7961317,61.3,0.06,6,1.2,360,20.0,7,-63.0,0.5,-83.0,83.0,98.413,7,20.9807467,105.796265,17.81
2026-09-10T08:49:53.558709+00:00,DU,499,1,1,20.9803967,105.7955017,17.5,0.0,6,1.3,200,20.0,7,-42.0,9.3,-62.0,62.0,98.861,5,20.9807467,105.796265,88.69
2026-09-10T08:49:57.607412+00:00,SU,605,1,1,20.9806467,105.7961383,61.5,0.08,6,1.2,360,20.0,7,-64.0,1.0,-84.0,84.0,98.416,7,20.9807467,105.796265,17.75
2026-09-10T08:49:58.583944+00:00,DU,500,1,1,20.9803983,105.795505,17.7,0.0,6,1.3,220,20.0,7,-41.0,9.8,-61.0,61.0,98.864,5,20.9807467,105.796265,88.29
2026-09-10T08:50:02.607252+00:00,SU,606,1,1,20.9806467,105.7961383,61.5,0.0,6,1.2,350,20.0,7,-64.0,1.0,-84.0,84.0,98.42,7,20.9807467,105.796265,17.22
2026-09-10T08:50:03.607724+00:00,DU,501,1,1,20.9803983,105.7955067,18.0,0.0,6,1.3,250,20.0,7,-41.0,9.5,-61.0,61.0,98.866,5,20.9807467,105.796265,87.9
2026-09-10T08:50:07.607637+00:00,SU,607,1,1,20.9806517,105.7961517,61.0,0.0,6,1.2,350,20.0,7,-63.0,0.5,-83.0,83.0,98.423,7,20.9807467,105.796265,17.22
2026-09-10T08:50:08.632844+00:00,DU,502,1,1,20.9804,105.7955067,18.5,0.0,6,1.3,270,20.0,7,-42.0,9.5,-62.0,62.0,98.869,5,20.9807467,105.796265,87.74
2026-09-10T08:50:12.607792+00:00,SU,608,1,1,20.980655,105.796155,61.5,0.17,6,1.2,350,20.0,7,-61.0,8.3,-81.0,81.0,98.427,7,20.9807467,105.796265,15.81
2026-09-10T08:50:13.658232+00:00,DU,503,1,1,20.9804,105.79551,18.7,0.0,6,1.3,300,20.0,7,-39.0,9.5,-59.0,59.0,98.871,5,20.9807467,105.796265,87.66
2026-09-10T08:50:17.607336+00:00,SU,609,1,1,20.980665,105.7961717,61.7,0.05,6,1.2,350,20.0,7,-64.0,0.8,-84.0,84.0,98.43,7,20.9807467,105.796265,15.31
2026-09-10T08:50:18.683034+00:00,DU,504,1,1,20.9804017,105.7955117,19.1,0.0,6,1.3,320,20.0,7,-42.0,8.8,-62.0,62.0,98.874,5,20.9807467,105.796265,87.35
2026-09-10T08:50:22.606893+00:00,SU,610,1,1,20.980665,105.7961733,61.7,0.0,6,1.2,350,20.0,7,-62.0,6.8,-82.0,82.0,98.434,7,20.9807467,105.796265,13.28
2026-09-10T08:50:23.707831+00:00,DU,505,1,1,20.9804033,105.795515,19.4,0.0,6,1.3,350,20.0,7,-41.0,10.0,-61.0,61.0,98.876,5,20.9807467,105.796265,87.11
2026-09-10T08:50:27.606884+00:00,SU,611,1,1,20.980665,105.7961733,61.6,0.0,6,1.2,350,20.0,7,-64.0,1.0,-84.0,84.0,98.438,7,20.9807467,105.796265,13.16
2026-09-10T08:50:28.732809+00:00,DU,506,1,1,20.9804033,105.7955117,19.9,0.01,6,1.3,370,20.0,7,-41.0,9.3,-61.0,61.0,98.879,5,20.9807467,105.796265,87.03
2026-09-10T08:50:32.608280+00:00,SU,612,1,1,20.9806583,105.7961583,61.3,0.02,5,1.4,360,20.0,7,-64.0,1.0,-84.0,84.0,98.441,7,20.9807467,105.796265,13.16
2026-09-10T08:50:33.758381+00:00,DU,507,1,1,20.9804033,105.7954983,21.7,0.0,6,1.3,400,20.0,7,-42.0,9.0,-62.0,62.0,98.881,5,20.9807467,105.796265,87.03
2026-09-10T08:50:37.608332+00:00,SU,613,1,1,20.9806533,105.7961433,61.5,0.05,6,1.2,350,20.0,7,-61.0,7.8,-81.0,81.0,98.444,7,20.9807467,105.796265,14.81
2026-09-10T08:50:38.782825+00:00,DU,508,1,1,20.980405,105.795495,22.7,0.01,6,1.3,420,20.0,7,-41.0,9.5,-61.0,61.0,98.884,5,20.9807467,105.796265,88.29
2026-09-10T08:50:42.606765+00:00,SU,614,1,1,20.9806333,105.7961233,58.1,0.11,6,1.2,350,20.0,7,-63.0,1.5,-83.0,83.0,98.448,7,20.9807467,105.796265,16.36
2026-09-10T08:50:43.807978+00:00,DU,509,1,1,20.9804083,105.79549,24.1,0.01,6,1.3,450,20.0,7,-42.0,9.3,-62.0,62.0,98.886,5,20.9807467,105.796265,88.51
2026-09-10T08:50:47.606756+00:00,SU,615,1,1,20.9806267,105.7961167,57.1,0.0,6,1.2,350,20.0,7,-63.0,0.8,-83.0,83.0,98.451,7,20.9807467,105.796265,19.38
2026-09-10T08:50:48.832256+00:00,DU,510,1,1,20.9804117,105.7954867,25.1,0.03,6,1.3,470,20.0,7,-41.0,10.0,-61.0,61.0,98.889,5,20.9807467,105.796265,88.83
2026-09-10T08:50:52.607072+00:00,SU,616,1,1,20.9806183,105.796105,55.7,0.14,6,1.2,350,20.0,7,-63.0,0.8,-83.0,83.0,98.455,7,20.9807467,105.796265,20.37
2026-09-10T08:50:53.856960+00:00,DU,511,1,1,20.98042,105.79548,27.2,0.04,6,1.3,500,20.0,7,-41.0,9.8,-61.0,61.0,98.891,5,20.9807467,105.796265,88.98
2026-09-10T08:50:57.606883+00:00,SU,617,1,1,20.9806067,105.7960917,54.0,0.12,6,1.2,350,20.0,7,-64.0,0.8,-84.0,84.0,98.458,7,20.9807467,105.796265,21.9
2026-09-10T08:50:58.882777+00:00,DU,512,1,1,20.98042,105.79548,27.5,0.0,6,1.3,520,20.0,7,-42.0,9.3,-62.0,62.0,98.894,5,20.9807467,105.796265,89.23
2026-09-10T08:51:02.606796+00:00,SU,618,1,1,20.9806117,105.7960983,54.5,0.03,6,1.2,350,20.0,7,-62.0,7.8,-82.0,82.0,98.462,7,20.9807467,105.796265,22.91
2026-09-10T08:51:03.908445+00:00,DU,513,1,1,20.9804217,105.7954783,28.2,0.05,6,1.3,550,20.0,7,-41.0,9.5,-61.0,61.0,98.896,5,20.9807467,105.796265,89.23
2026-09-10T08:51:07.606255+00:00,SU,619,1,1,20.98062,105.7961083,54.8,0.13,6,1.2,350,20.0,7,-63.0,0.8,-83.0,83.0,98.465,7,20.9807467,105.796265,22.91
2026-09-10T08:51:08.933290+00:00,DU,514,1,1,20.9804233,105.7954783,28.3,0.0,6,1.3,570,20.0,7,-42.0,9.5,-62.0,62.0,98.899,5,20.9807467,105.796265,89.32
2026-09-10T08:51:12.606271+00:00,SU,620,1,1,20.9806183,105.7961167,54.0,0.04,6,1.2,350,20.0,7,-63.0,1.3,-83.0,83.0,98.468,7,20.9807467,105.796265,21.65
2026-09-10T08:51:13.957360+00:00,DU,515,1,1,20.9804233,105.7954783,28.3,0.0,6,1.3,600,20.0,7,-42.0,9.0,-62.0,62.0,98.901,5,20.9807467,105.796265,89.24
2026-09-10T08:51:17.606878+00:00,SU,621,1,1,20.9806167,105.7961267,52.9,0.08,6,1.2,350,20.0,7,-64.0,0.5,-84.0,84.0,98.472,7,20.9807467,105.796265,21.0
2026-09-10T08:51:18.981626+00:00,DU,516,1,1,20.9804233,105.7954783,28.4,0.0,6,1.3,620,20.0,7,-41.0,10.3,-61.0,61.0,98.904,5,20.9807467,105.796265,89.24
2026-09-10T08:51:22.606404+00:00,SU,622,1,1,20.9806283,105.7961633,52.5,0.14,5,1.9,360,20.0,7,-64.0,0.5,-84.0,84.0,98.475,7,20.9807467,105.796265,20.25
2026-09-10T08:51:24.008371+00:00,DU,517,1,1,20.9804233,105.7954783,28.5,0.0,5,1.3,650,20.0,7,-42.0,9.0,-62.0,62.0,98.906,5,20.9807467,105.796265,89.24
2026-09-10T08:51:27.607320+00:00,SU,623,1,1,20.980645,105.79622,51.1,0.02,5,1.9,360,20.0,7,-64.0,1.0,-84.0,84.0,98.478,7,20.9807467,105.796265,16.88
2026-09-10T08:51:29.032201+00:00,DU,518,1,1,20.9804233,105.7954783,28.5,0.0,5,1.3,680,20.0,7,-41.0,9.8,-61.0,61.0,98.908,5,20.9807467,105.796265,89.24
2026-09-10T08:51:32.605854+00:00,SU,624,1,1,20.98067,105.79629,50.0,0.16,5,1.9,360,20.0,7,-63.0,0.8,-83.0,83.0,98.482,7,20.9807467,105.796265,12.24
2026-09-10T08:51:34.056896+00:00,DU,519,1,1,20.9804233,105.79548,28.5,0.0,5,1.3,700,20.0,7,-41.0,9.5,-61.0,61.0,98.911,5,20.9807467,105.796265,89.24
2026-09-10T08:51:37.608158+00:00,SU,625,1,1,20.9806967,105.79636,49.1,0.03,5,1.9,350,20.0,7,-64.0,0.8,-84.0,84.0,98.485,7,20.9807467,105.796265,8.91
2026-09-10T08:51:39.081856+00:00,DU,520,1,1,20.980425,105.79548,28.6,0.0,5,1.3,730,20.0,7,-42.0,9.5,-62.0,62.0,98.913,5,20.9807467,105.796265,89.08
2026-09-10T08:51:42.606451+00:00,SU,626,1,1,20.9807,105.79637,49.0,0.0,5,1.9,350,20.0,7,-64.0,0.8,-84.0,84.0,98.488,7,20.9807467,105.796265,11.32
2026-09-10T08:52:24.310226+00:00,DU,529,1,1,20.980415,105.7955133,33.0,0.0,5,1.3,100,20.0,7,-43.0,9.8,-63.0,63.0,97.228,13,20.9807467,105.796265,
2026-09-10T08:52:27.606005+00:00,SU,635,1,1,20.9806867,105.7964467,40.0,0.04,5,1.9,350,20.0,7,-68.0,3.8,-88.0,88.0,96.822,15,20.9807467,105.796265,
2026-09-10T08:52:29.334809+00:00,DU,530,1,0,20.980415,105.7955133,33.0,0.0,4,1.5,120,20.0,7,-42.0,9.8,-62.0,62.0,97.234,13,20.9807467,105.796265,
2026-09-10T08:52:32.605604+00:00,SU,636,1,1,20.98068,105.7964417,37.4,0.24,5,1.9,350,20.0,7,-50.0,8.0,-70.0,70.0,96.829,15,20.9807467,105.796265,
2026-09-10T08:52:34.360525+00:00,DU,531,1,1,20.9804133,105.7955133,33.0,0.0,5,1.3,10,20.0,7,-40.0,8.8,-60.0,60.0,97.24,13,20.9807467,105.796265,
2026-09-10T08:52:37.605348+00:00,SU,637,1,1,20.980685,105.796435,37.4,0.12,5,1.9,350,20.0,7,-57.0,6.8,-77.0,77.0,96.835,15,20.9807467,105.796265,19.59
2026-09-10T08:52:39.385235+00:00,DU,532,1,1,20.9804133,105.7955133,33.0,0.0,5,1.3,30,20.0,7,-43.0,10.3,-63.0,63.0,97.246,13,20.9807467,105.796265,
2026-09-10T08:52:42.605324+00:00,SU,638,1,1,20.9807167,105.79642,37.9,0.58,5,1.9,350,20.0,7,-45.0,10.0,-65.0,65.0,96.842,15,20.9807467,105.796265,18.94
2026-09-10T08:52:44.410425+00:00,DU,533,1,1,20.9804133,105.7955117,32.9,0.0,5,1.3,60,20.0,7,-42.0,9.5,-62.0,62.0,97.252,13,20.9807467,105.796265,86.4
2026-09-10T08:52:47.606001+00:00,SU,639,1,1,20.980755,105.7963683,38.5,0.85,5,1.9,350,20.0,7,-34.0,9.8,-54.0,54.0,96.849,15,20.9807467,105.796265,16.43
2026-09-10T08:52:49.434786+00:00,DU,534,1,1,20.98041,105.795505,32.7,0.0,5,1.3,80,20.0,7,-43.0,9.5,-63.0,63.0,97.257,13,20.9807467,105.796265,86.55
2026-09-10T08:52:52.605613+00:00,SU,640,1,1,20.9807733,105.7963,40.2,0.67,5,1.9,350,20.0,7,-31.0,10.3,-51.0,51.0,96.855,15,20.9807467,105.796265,10.76
2026-09-10T08:52:54.459416+00:00,DU,535,1,1,20.9804083,105.7954983,31.4,0.08,5,1.3,110,20.0,7,-51.0,8.3,-71.0,71.0,97.263,13,20.9807467,105.796265,87.34
2026-09-10T08:52:59.377477+00:00,SU,641,1,1,20.9807733,105.7962367,41.9,0.0,5,1.9,110,20.0,7,-29.0,9.3,-49.0,49.0,96.862,15,20.9807467,105.796265,4.69
2026-09-10T08:53:00.880425+00:00,DU,536,1,0,20.9804083,105.7954917,30.1,0.07,0,1.3,2526,20.0,7,-51.0,8.3,-71.0,71.0,97.269,13,20.9807467,105.796265,
2026-09-10T08:53:04.370090+00:00,SU,642,1,1,20.9807717,105.7962283,43.0,0.0,5,1.9,110,20.0,7,-29.0,9.8,-49.0,49.0,96.868,15,20.9807467,105.796265,4.17
2026-09-10T08:53:05.904805+00:00,DU,537,0,0,0.0,0.0,30.1,0.07,0,1.3,7550,20.0,7,-55.0,7.5,-75.0,75.0,97.275,13,20.9807467,105.796265,
2026-09-10T08:53:09.370579+00:00,SU,643,1,1,20.9807683,105.79622,43.3,0.0,5,1.9,110,20.0,7,-27.0,9.8,-47.0,47.0,96.875,15,20.9807467,105.796265,4.72
2026-09-10T08:53:10.929715+00:00,DU,538,0,0,0.0,0.0,30.1,0.07,0,1.3,12575,20.0,7,-55.0,7.5,-75.0,75.0,97.28,13,20.9807467,105.796265,
2026-09-10T08:53:14.371874+00:00,SU,644,1,1,20.9807633,105.79621,43.6,0.0,5,1.9,110,20.0,7,-27.0,10.0,-47.0,47.0,96.881,15,20.9807467,105.796265,5.25
2026-09-10T08:53:15.954272+00:00,DU,539,0,0,0.0,0.0,30.1,0.07,0,1.3,17600,20.0,7,-52.0,8.5,-72.0,72.0,97.286,13,20.9807467,105.796265,
2026-09-10T08:53:19.370896+00:00,SU,645,1,1,20.98076,105.7962033,44.0,0.0,5,1.9,110,20.0,7,-28.0,10.0,-48.0,48.0,96.888,15,20.9807467,105.796265,6.0
2026-09-10T08:53:20.980332+00:00,DU,540,0,0,0.0,0.0,30.1,0.07,0,1.3,22625,20.0,7,-55.0,7.0,-75.0,75.0,97.292,13,20.9807467,105.796265,
2026-09-10T08:53:24.369762+00:00,SU,646,1,1,20.9807733,105.796165,46.3,0.08,5,1.9,110,20.0,7,-30.0,9.5,-50.0,50.0,96.894,15,20.9807467,105.796265,6.67
2026-09-10T08:53:26.004797+00:00,DU,541,0,0,0.0,0.0,30.1,0.07,0,1.3,27650,20.0,7,-55.0,7.5,-75.0,75.0,97.297,13,20.9807467,105.796265,
2026-09-10T08:53:29.370025+00:00,SU,647,1,1,20.9808,105.796115,50.0,0.24,5,1.9,110,20.0,7,-29.0,10.3,-49.0,49.0,96.901,15,20.9807467,105.796265,10.8
2026-09-10T08:53:31.029799+00:00,DU,542,0,0,0.0,0.0,30.1,0.07,3,1.3,32675,20.0,7,-56.0,6.0,-76.0,76.0,97.303,13,20.9807467,105.796265,
2026-09-10T08:53:34.371075+00:00,SU,648,1,1,20.9808,105.796095,50.6,0.02,5,1.9,110,20.0,7,-29.0,9.8,-49.0,49.0,96.907,15,20.9807467,105.796265,16.66
2026-09-10T08:53:36.055082+00:00,DU,543,0,0,0.0,0.0,30.1,0.07,3,1.3,37700,20.0,7,-55.0,6.8,-75.0,75.0,97.308,13,20.9807467,105.796265,
2026-09-10T08:53:39.370376+00:00,SU,649,1,1,20.9807817,105.796135,50.2,0.03,5,1.9,110,20.0,7,-29.0,9.5,-49.0,49.0,96.914,15,20.9807467,105.796265,16.66
2026-09-10T08:53:41.078826+00:00,DU,544,0,0,0.0,0.0,30.1,0.07,3,1.3,42725,20.0,7,-56.0,6.8,-76.0,76.0,97.314,13,20.9807467,105.796265,
2026-09-10T08:53:44.370011+00:00,SU,650,1,1,20.9807717,105.79617,49.4,0.07,5,1.9,110,20.0,7,-29.0,9.5,-49.0,49.0,96.92,15,20.9807467,105.796265,14.05
2026-09-10T08:53:46.105128+00:00,DU,545,0,0,0.0,0.0,30.1,0.07,3,1.3,47750,20.0,7,-54.0,7.0,-74.0,74.0,97.32,13,20.9807467,105.796265,
2026-09-10T08:53:49.369785+00:00,SU,651,1,1,20.9807783,105.7961983,49.1,0.05,5,1.9,110,20.0,7,-29.0,9.5,-49.0,49.0,96.926,15,20.9807467,105.796265,10.47
2026-09-10T08:53:51.129819+00:00,DU,546,0,0,0.0,0.0,30.1,0.07,3,1.3,52775,20.0,7,-54.0,7.3,-74.0,74.0,97.325,13,20.9807467,105.796265,
2026-09-10T08:53:54.370543+00:00,SU,652,1,1,20.9808183,105.7962083,48.9,0.16,5,1.9,110,20.0,7,-29.0,9.8,-49.0,49.0,96.933,15,20.9807467,105.796265,7.77
2026-09-10T08:53:56.154560+00:00,DU,547,1,0,20.98147,105.7975617,31.4,1.84,4,12.0,340,20.0,7,-54.0,7.8,-74.0,74.0,97.331,13,20.9807467,105.796265,
2026-09-10T08:53:59.369923+00:00,SU,653,1,1,20.9808633,105.7961967,49.2,0.19,5,1.9,110,20.0,7,-29.0,9.0,-49.0,49.0,96.939,15,20.9807467,105.796265,10.55
2026-09-10T08:54:01.179326+00:00,DU,548,1,0,20.9814733,105.79757,32.0,0.71,4,9.6,370,20.0,7,-52.0,8.5,-72.0,72.0,97.336,13,20.9807467,105.796265,
2026-09-10T08:54:04.369605+00:00,SU,654,1,1,20.9809267,105.7962183,49.2,0.1,5,1.9,110,20.0,7,-29.0,9.5,-49.0,49.0,96.945,15,20.9807467,105.796265,14.24
2026-09-10T08:54:06.203460+00:00,DU,549,1,0,20.9814717,105.797565,31.6,0.35,4,9.6,400,20.0,7,-54.0,7.3,-74.0,74.0,97.342,13,20.9807467,105.796265,
2026-09-10T08:54:09.369317+00:00,SU,655,1,1,20.9809833,105.7962433,48.4,0.25,5,1.9,110,20.0,7,-29.0,9.5,-49.0,49.0,96.951,15,20.9807467,105.796265,20.59
2026-09-10T08:54:11.229205+00:00,DU,550,1,0,20.9814533,105.7975167,30.9,0.03,4,9.5,420,20.0,7,-55.0,7.5,-75.0,75.0,97.347,13,20.9807467,105.796265,
2026-09-10T08:54:14.369094+00:00,SU,656,1,1,20.9810383,105.79626,47.7,0.07,5,1.9,110,20.0,7,-29.0,9.3,-49.0,49.0,96.957,15,20.9807467,105.796265,26.41
2026-09-10T08:54:16.254553+00:00,DU,551,1,0,20.9813933,105.7973633,28.5,0.27,4,9.5,450,20.0,7,-55.0,7.8,-75.0,75.0,97.352,13,20.9807467,105.796265,
2026-09-10T08:54:19.369752+00:00,SU,657,1,1,20.98106,105.79626,47.1,0.42,5,1.9,110,20.0,7,-29.0,9.5,-49.0,49.0,96.964,15,20.9807467,105.796265,32.43
2026-09-10T08:54:21.279170+00:00,DU,552,1,1,20.9810133,105.7964383,7.9,0.32,5,1.5,470,20.0,7,-56.0,8.0,-76.0,76.0,97.358,13,20.9807467,105.796265,
2026-09-10T08:54:24.370038+00:00,SU,658,1,1,20.981065,105.7962633,47.0,0.14,5,1.9,110,20.0,7,-29.0,9.0,-49.0,49.0,96.97,15,20.9807467,105.796265,34.84
2026-09-10T08:54:26.303689+00:00,DU,553,1,1,20.9809517,105.79627,4.7,0.21,5,1.5,30,20.0,7,-56.0,6.0,-76.0,76.0,97.363,13,20.9807467,105.796265,
2026-09-10T08:54:29.369411+00:00,SU,659,1,1,20.98107,105.7962733,47.0,0.1,5,1.9,110,20.0,7,-28.0,9.8,-48.0,48.0,96.976,15,20.9807467,105.796265,35.39
2026-09-10T08:54:31.329225+00:00,DU,554,1,1,20.98092,105.7961883,3.1,0.05,5,1.5,60,20.0,7,-53.0,8.8,-73.0,73.0,97.368,13,20.9807467,105.796265,22.8
2026-09-10T08:54:34.369927+00:00,SU,660,1,1,20.9810667,105.7962717,47.0,0.0,5,1.9,110,20.0,7,-28.0,10.0,-48.0,48.0,96.982,15,20.9807467,105.796265,35.59
2026-09-10T08:54:36.355045+00:00,DU,555,1,1,20.9809317,105.7962083,4.1,0.03,5,1.5,80,20.0,7,-55.0,7.3,-75.0,75.0,97.374,13,20.9807467,105.796265,21.4
2026-09-10T08:54:39.369999+00:00,SU,661,1,1,20.9810617,105.7962683,47.1,0.0,5,1.9,110,20.0,7,-29.0,9.8,-49.0,49.0,96.988,15,20.9807467,105.796265,35.59
2026-09-10T08:54:41.379549+00:00,DU,556,1,1,20.9809317,105.7962083,4.0,0.0,5,1.5,110,20.0,7,-55.0,7.0,-75.0,75.0,97.379,13,20.9807467,105.796265,21.4
2026-09-10T08:54:44.369787+00:00,SU,662,1,1,20.9810583,105.7962617,47.2,0.0,5,1.9,110,20.0,7,-28.0,9.8,-48.0,48.0,96.994,15,20.9807467,105.796265,35.03
2026-09-10T08:54:46.404420+00:00,DU,557,1,1,20.98094,105.79622,5.2,0.09,5,1.5,0,20.0,7,-55.0,7.3,-75.0,75.0,97.384,13,20.9807467,105.796265,21.4
2026-09-10T08:54:49.369511+00:00,SU,663,1,1,20.9810583,105.7962617,47.2,0.0,5,1.9,110,20.0,7,-28.0,10.0,-48.0,48.0,97.0,15,20.9807467,105.796265,34.65
2026-09-10T08:54:51.429469+00:00,DU,558,1,1,20.9809567,105.7962533,6.4,0.14,6,1.1,20,20.0,7,-54.0,7.3,-74.0,74.0,97.39,13,20.9807467,105.796265,22.0
2026-09-10T08:54:54.368893+00:00,SU,664,1,1,20.981055,105.7962517,47.3,0.06,5,1.9,110,20.0,7,-28.0,10.0,-48.0,48.0,97.006,15,20.9807467,105.796265,34.65
2026-09-10T08:54:56.455289+00:00,DU,559,1,1,20.98099,105.7963233,9.0,0.1,5,1.2,40,20.0,7,-53.0,7.5,-73.0,73.0,97.395,13,20.9807467,105.796265,23.38
2026-09-10T08:54:59.368967+00:00,SU,665,1,1,20.9810233,105.7962367,43.3,0.1,5,1.9,110,20.0,7,-28.0,9.3,-48.0,48.0,97.012,15,20.9807467,105.796265,34.31
2026-09-10T08:55:01.479849+00:00,DU,560,1,1,20.9810067,105.79636,10.3,0.01,6,1.1,60,20.0,7,-53.0,7.8,-73.0,73.0,97.4,13,20.9807467,105.796265,27.72
2026-09-10T08:55:04.369686+00:00,SU,666,1,1,20.9810183,105.7962483,41.1,0.04,5,1.9,110,20.0,7,-30.0,9.5,-50.0,50.0,97.018,15,20.9807467,105.796265,30.81
2026-09-10T08:55:06.505505+00:00,DU,561,1,1,20.9810067,105.79636,10.2,0.0,5,1.2,90,20.0,7,-51.0,8.5,-71.0,71.0,97.405,13,20.9807467,105.796265,30.55
2026-09-10T08:55:09.369087+00:00,SU,667,1,1,20.9810167,105.796285,39.3,0.04,5,1.9,110,20.0,7,-30.0,9.3,-50.0,50.0,97.024,15,20.9807467,105.796265,30.25
2026-09-10T08:55:11.529392+00:00,DU,562,1,1,20.981015,105.7963767,11.0,0.08,5,1.2,120,20.0,7,-51.0,9.0,-71.0,71.0,97.41,13,20.9807467,105.796265,30.55
2026-09-10T08:55:14.368761+00:00,SU,668,1,0,20.980985,105.7963,40.5,0.21,4,2.3,110,20.0,7,-29.0,9.3,-49.0,49.0,97.03,15,20.9807467,105.796265,
2026-09-10T08:55:16.554572+00:00,DU,563,1,1,20.9810267,105.7963983,12.1,0.03,5,1.2,140,20.0,7,-54.0,7.5,-74.0,74.0,97.416,13,20.9807467,105.796265,32.01
2026-09-10T08:55:19.369709+00:00,SU,669,1,0,20.980975,105.7962983,42.9,0.18,4,2.3,110,20.0,7,-29.0,9.8,-49.0,49.0,97.036,15,20.9807467,105.796265,
2026-09-10T08:55:21.579648+00:00,DU,564,1,1,20.98104,105.7964267,13.4,0.1,6,1.1,160,20.0,7,-54.0,7.8,-74.0,74.0,97.421,13,20.9807467,105.796265,34.07
2026-09-10T08:55:24.369043+00:00,SU,670,1,1,20.98095,105.7962817,43.7,0.07,5,1.9,110,20.0,7,-29.0,9.3,-49.0,49.0,97.041,15,20.9807467,105.796265,
2026-09-10T08:55:26.604460+00:00,DU,565,1,1,20.98105,105.7964417,14.5,0.07,6,1.1,190,20.0,7,-54.0,7.5,-74.0,74.0,97.426,13,20.9807467,105.796265,36.68
2026-09-10T08:55:29.369256+00:00,SU,671,1,1,20.9809183,105.796255,44.4,0.3,5,1.9,110,20.0,7,-29.0,9.5,-49.0,49.0,97.047,15,20.9807467,105.796265,
2026-09-10T08:55:31.628829+00:00,DU,566,1,1,20.9810467,105.7964283,14.6,0.0,6,1.1,210,20.0,7,-50.0,9.0,-70.0,70.0,97.431,13,20.9807467,105.796265,37.42
2026-09-10T08:55:34.370011+00:00,SU,672,1,1,20.980895,105.796235,45.2,0.18,5,1.9,110,20.0,7,-29.0,9.8,-49.0,49.0,97.053,15,20.9807467,105.796265,19.11
2026-09-10T08:55:36.653954+00:00,DU,567,1,1,20.981045,105.796425,14.5,0.0,6,1.1,240,20.0,7,-50.0,9.0,-70.0,70.0,97.436,13,20.9807467,105.796265,37.42
2026-09-10T08:55:39.368711+00:00,SU,673,1,1,20.9808917,105.7962233,45.6,0.07,5,1.9,110,20.0,7,-30.0,9.0,-50.0,50.0,97.059,15,20.9807467,105.796265,16.78
2026-09-10T08:55:41.679577+00:00,DU,568,1,1,20.9810367,105.7964183,13.8,0.01,6,1.1,260,20.0,7,-53.0,7.8,-73.0,73.0,97.441,13,20.9807467,105.796265,37.1
2026-09-10T08:55:44.368114+00:00,SU,674,1,1,20.98088,105.7962133,46.1,0.0,5,1.9,110,20.0,7,-29.0,9.5,-49.0,49.0,97.065,15,20.9807467,105.796265,16.69
2026-09-10T08:55:46.704394+00:00,DU,569,1,1,20.9810067,105.7963967,11.2,0.21,6,1.1,290,20.0,7,-53.0,7.8,-73.0,73.0,97.446,13,20.9807467,105.796265,35.96
2026-09-10T08:55:49.368952+00:00,SU,675,1,1,20.98087,105.7962083,46.4,0.0,5,1.9,110,20.0,7,-28.0,10.0,-48.0,48.0,97.07,15,20.9807467,105.796265,15.76
2026-09-10T08:55:51.728766+00:00,DU,570,1,1,20.9809883,105.7963867,9.5,0.05,6,1.1,320,20.0,7,-53.0,8.0,-73.0,73.0,97.451,13,20.9807467,105.796265,31.98
2026-09-10T08:55:54.368887+00:00,SU,676,1,1,20.9808617,105.7962017,46.6,0.0,5,1.9,110,20.0,7,-28.0,9.5,-48.0,48.0,97.076,15,20.9807467,105.796265,14.92
2026-09-10T08:55:56.753841+00:00,DU,571,1,1,20.980975,105.7963817,8.0,0.2,6,1.1,340,20.0,7,-53.0,8.0,-73.0,73.0,97.456,13,20.9807467,105.796265,29.69
2026-09-10T08:55:59.368528+00:00,SU,677,1,1,20.9808533,105.7961967,46.7,0.0,5,1.9,110,20.0,7,-28.0,9.8,-48.0,48.0,97.082,15,20.9807467,105.796265,14.38
2026-09-10T08:56:01.778516+00:00,DU,572,1,1,20.98096,105.796375,6.5,0.16,6,1.1,360,20.0,7,-53.0,7.8,-73.0,73.0,97.461,13,20.9807467,105.796265,28.13
2026-09-10T08:56:04.368037+00:00,SU,678,1,1,20.9808467,105.7961933,46.9,0.0,5,1.9,110,20.0,7,-28.0,10.0,-48.0,48.0,97.087,15,20.9807467,105.796265,13.81
2026-09-10T08:56:06.804150+00:00,DU,573,1,1,20.9809367,105.7963317,4.8,0.0,6,1.1,390,20.0,7,-53.0,8.0,-73.0,73.0,97.466,13,20.9807467,105.796265,26.32
2026-09-10T08:56:09.368083+00:00,SU,679,1,1,20.9808433,105.7961917,46.9,0.0,5,1.9,110,20.0,7,-28.0,10.3,-48.0,48.0,97.093,15,20.9807467,105.796265,13.38
2026-09-10T08:56:11.828810+00:00,DU,574,1,1,20.980935,105.7963317,4.8,0.0,6,1.1,410,20.0,7,-53.0,7.8,-73.0,73.0,97.471,13,20.9807467,105.796265,22.23
2026-09-10T08:56:14.368986+00:00,SU,680,1,1,20.980815,105.7961817,47.3,0.02,5,1.9,110,20.0,7,-28.0,10.0,-48.0,48.0,97.099,15,20.9807467,105.796265,13.16
2026-09-10T08:56:16.853853+00:00,DU,575,1,1,20.980935,105.7963317,4.7,0.0,6,1.1,440,20.0,7,-53.0,7.5,-73.0,73.0,97.476,13,20.9807467,105.796265,22.05
2026-09-10T08:56:19.368708+00:00,SU,681,1,1,20.9807917,105.796175,47.0,0.22,5,1.9,110,20.0,7,-28.0,10.0,-48.0,48.0,97.104,15,20.9807467,105.796265,11.51
2026-09-10T08:56:21.878398+00:00,DU,576,1,1,20.980935,105.79633,4.7,0.0,6,1.1,460,20.0,7,-54.0,7.8,-74.0,74.0,97.481,13,20.9807467,105.796265,22.05
2026-09-10T08:56:24.368270+00:00,SU,682,1,1,20.980795,105.796175,46.5,0.13,5,1.9,110,20.0,7,-28.0,9.8,-48.0,48.0,97.11,15,20.9807467,105.796265,10.78
2026-09-10T08:56:26.903152+00:00,DU,577,1,1,20.9809283,105.79632,4.1,0.0,6,1.1,490,20.0,7,-54.0,7.8,-74.0,74.0,97.485,13,20.9807467,105.796265,22.0
2026-09-10T08:56:29.367824+00:00,SU,683,1,1,20.9807983,105.7961717,43.4,0.36,5,1.9,110,20.0,7,-28.0,10.5,-48.0,48.0,97.115,15,20.9807467,105.796265,10.78
2026-09-10T08:56:31.928849+00:00,DU,578,1,1,20.9809283,105.7963183,4.1,0.0,7,0.9,490,20.0,7,-54.0,7.8,-74.0,74.0,97.49,13,20.9807467,105.796265,20.98
2026-09-10T08:56:34.368443+00:00,SU,684,1,1,20.98076,105.7961617,39.5,0.21,5,1.9,110,20.0,7,-28.0,10.0,-48.0,48.0,97.121,15,20.9807467,105.796265,11.08
2026-09-10T08:56:36.953287+00:00,DU,579,1,1,20.98092,105.7963083,3.7,0.0,7,0.9,530,20.0,7,-54.0,7.8,-74.0,74.0,97.495,13,20.9807467,105.796265,20.94
2026-09-10T08:56:39.368171+00:00,SU,685,1,1,20.9807467,105.7961467,39.8,0.07,5,1.9,110,20.0,7,-29.0,9.0,-49.0,49.0,97.126,15,20.9807467,105.796265,10.83
2026-09-10T08:56:41.978235+00:00,DU,580,1,1,20.9809183,105.7963033,3.7,0.0,7,0.9,560,20.0,7,-53.0,7.3,-73.0,73.0,97.5,13,20.9807467,105.796265,19.79
2026-09-10T08:56:44.369062+00:00,SU,686,1,1,20.9807533,105.7961483,40.0,0.07,5,1.9,110,20.0,7,-29.0,9.8,-49.0,49.0,97.132,15,20.9807467,105.796265,12.14
2026-09-10T08:56:47.002751+00:00,DU,581,1,1,20.9809133,105.796295,3.2,0.07,7,0.9,580,20.0,7,-50.0,9.3,-70.0,70.0,97.505,13,20.9807467,105.796265,19.49
2026-09-10T08:56:49.368046+00:00,SU,687,1,1,20.9807617,105.7961517,39.5,0.07,5,1.9,110,20.0,7,-30.0,9.5,-50.0,50.0,97.137,15,20.9807467,105.796265,12.14
2026-09-10T08:56:52.028581+00:00,DU,582,1,1,20.98091,105.7962883,3.1,0.0,7,0.9,610,20.0,7,-55.0,7.5,-75.0,75.0,97.51,13,20.9807467,105.796265,18.79
2026-09-10T08:56:54.368881+00:00,SU,688,1,1,20.98073,105.7961567,35.7,0.15,5,1.9,110,20.0,7,-30.0,9.5,-50.0,50.0,97.143,15,20.9807467,105.796265,11.79
2026-09-10T08:56:57.053385+00:00,DU,583,1,1,20.9809083,105.7962833,3.1,0.0,7,0.9,630,20.0,7,-54.0,7.3,-74.0,74.0,97.514,13,20.9807467,105.796265,18.32
2026-09-10T08:56:59.368268+00:00,SU,689,1,1,20.9806667,105.7960867,38.1,0.18,5,1.9,110,20.0,7,-30.0,9.8,-50.0,50.0,97.148,15,20.9807467,105.796265,11.91
2026-09-10T08:57:02.077972+00:00,DU,584,1,1,20.9809067,105.7962767,3.1,0.0,7,0.9,660,20.0,7,-53.0,7.5,-73.0,73.0,97.519,13,20.9807467,105.796265,18.07
2026-09-10T08:57:04.367789+00:00,SU,690,1,1,20.980615,105.796025,42.0,0.15,5,1.9,110,20.0,7,-30.0,9.5,-50.0,50.0,97.154,15,20.9807467,105.796265,20.54
2026-09-10T08:57:07.102637+00:00,DU,585,1,1,20.9809033,105.7962717,3.1,0.0,7,0.9,680,20.0,7,-54.0,7.5,-74.0,74.0,97.524,13,20.9807467,105.796265,17.83
2026-09-10T08:57:09.367988+00:00,SU,691,1,1,20.9807133,105.7959917,43.7,0.39,5,1.9,110,20.0,7,-29.0,9.8,-49.0,49.0,97.159,15,20.9807467,105.796265,26.46
2026-09-10T08:57:12.127491+00:00,DU,586,1,1,20.9808983,105.796265,2.7,0.0,7,0.9,710,20.0,7,-54.0,7.5,-74.0,74.0,97.529,13,20.9807467,105.796265,17.43
2026-09-10T08:57:14.367534+00:00,SU,692,1,1,20.98075,105.7960133,46.5,0.16,5,1.9,110,20.0,7,-29.0,9.5,-49.0,49.0,97.164,15,20.9807467,105.796265,26.39
2026-09-10T08:57:17.154226+00:00,DU,587,1,1,20.9808967,105.79626,2.7,0.0,7,0.9,740,20.0,7,-54.0,7.3,-74.0,74.0,97.533,13,20.9807467,105.796265,16.86
2026-09-10T08:57:19.367973+00:00,SU,693,1,1,20.9806717,105.7959583,48.3,0.11,5,1.9,110,20.0,7,-30.0,8.8,-50.0,50.0,97.17,15,20.9807467,105.796265,28.62
2026-09-10T08:57:22.179691+00:00,DU,588,1,1,20.9808983,105.796265,2.2,0.03,6,1.1,760,20.0,7,-51.0,8.8,-71.0,71.0,97.538,13,20.9807467,105.796265,16.86
2026-09-10T08:57:24.368165+00:00,SU,694,1,1,20.9805933,105.795895,50.1,0.2,5,1.9,110,20.0,7,-29.0,9.8,-49.0,49.0,97.175,15,20.9807467,105.796265,32.92
2026-09-10T08:57:27.204801+00:00,DU,589,1,1,20.9808967,105.796255,1.4,0.0,6,1.1,790,20.0,7,-54.0,7.5,-74.0,74.0,97.543,13,20.9807467,105.796265,16.69
2026-09-10T08:57:29.367432+00:00,SU,695,1,1,20.9805217,105.795865,50.9,0.11,5,1.9,110,20.0,7,-29.0,9.8,-49.0,49.0,97.18,15,20.9807467,105.796265,42.03
2026-09-10T08:57:32.230076+00:00,DU,590,1,1,20.9808933,105.796235,0.4,0.06,7,0.9,810,20.0,7,-55.0,7.3,-75.0,75.0,97.547,13,20.9807467,105.796265,16.71
2026-09-10T08:57:34.367290+00:00,SU,696,1,1,20.98047,105.7958283,51.3,0.11,5,1.9,110,20.0,7,-29.0,9.5,-49.0,49.0,97.186,15,20.9807467,105.796265,48.48
2026-09-10T08:57:37.255965+00:00,DU,591,1,1,20.9808917,105.7962267,-0.4,0.06,7,0.9,840,20.0,7,-49.0,9.3,-69.0,69.0,97.552,13,20.9807467,105.796265,16.6
2026-09-10T08:57:39.366892+00:00,SU,697,1,1,20.9804433,105.7957817,50.5,0.42,5,1.9,110,20.0,7,-29.0,10.0,-49.0,49.0,97.191,15,20.9807467,105.796265,54.79
2026-09-10T08:57:42.280850+00:00,DU,592,1,1,20.98089,105.7962233,-0.9,0.0,7,0.9,0,20.0,7,-57.0,6.5,-77.0,77.0,97.556,13,20.9807467,105.796265,16.61
2026-09-10T08:57:44.367812+00:00,SU,698,1,0,20.98043,105.795765,50.7,0.19,4,2.3,110,20.0,7,-29.0,9.8,-49.0,49.0,97.196,15,20.9807467,105.796265,
2026-09-10T08:57:47.306503+00:00,DU,593,1,1,20.98089,105.7962233,-0.9,0.0,7,0.9,30,20.0,7,-55.0,7.0,-75.0,75.0,97.561,13,20.9807467,105.796265,16.51
2026-09-10T08:57:49.367726+00:00,SU,699,1,1,20.9803767,105.795765,51.9,0.13,5,1.9,110,20.0,7,-30.0,9.3,-50.0,50.0,97.201,15,20.9807467,105.796265,
2026-09-10T08:57:52.331425+00:00,DU,594,1,1,20.98089,105.7962233,-0.9,0.0,7,0.9,50,20.0,7,-54.0,8.3,-74.0,74.0,97.566,13,20.9807467,105.796265,16.51
2026-09-10T08:57:54.367085+00:00,SU,700,1,1,20.9803117,105.795765,53.3,0.12,5,1.9,110,20.0,7,-30.0,9.5,-50.0,50.0,97.207,15,20.9807467,105.796265,
2026-09-10T08:57:57.357111+00:00,DU,595,1,1,20.98089,105.7962233,-0.9,0.0,7,0.9,80,20.0,7,-55.0,7.0,-75.0,75.0,97.57,13,20.9807467,105.796265,16.51
2026-09-10T08:57:59.366821+00:00,SU,701,1,1,20.9802683,105.7957667,56.0,0.08,5,1.9,90,20.0,7,-29.0,9.8,-49.0,49.0,97.212,15,20.9807467,105.796265,70.95
